MM:DD:YYYY hh:mm:ss,Library_Version,Session_type,Device_Number,Battery_Voltage,Motor_Turns,FR,Event,Active_Poke,Left_Poke_Count,Right_Poke_Count,Pellet_Count,Block_Pellet_Count,Retrieval_Time,InterPelletInterval,Poke_Time
7/24/2025 14:29:44,1.17.0,FR1,40,3.96,nan,1,Left,Left,1,0,0,0,nan,nan,0.38
7/24/2025 14:32:15,1.17.0,FR1,40,3.96,nan,1,RightWithPellet,Left,1,1,0,0,nan,nan,0.03
7/24/2025 14:39:19,1.17.0,FR1,40,3.96,2,1,Pellet,Left,1,1,1,0,Timed_out,nan,nan
7/24/2025 14:40:55,1.17.0,FR1,40,3.96,nan,1,Right,Left,1,2,1,0,nan,nan,0.17
7/24/2025 14:41:55,1.17.0,FR1,40,3.96,nan,1,Left,Left,2,2,1,0,nan,nan,0.33
7/24/2025 14:44:28,1.17.0,FR1,40,3.96,1,1,Pellet,Left,2,2,2,0,Timed_out,309,nan
7/24/2025 14:44:47,1.17.0,FR1,40,3.95,nan,1,Left,Left,3,2,2,0,nan,nan,0.09
7/24/2025 14:44:48,1.17.0,FR1,40,3.95,nan,1,LeftDuringDispense,Left,4,2,2,0,nan,nan,0.33
7/24/2025 14:44:52,1.17.0,FR1,40,3.96,2,1,Pellet,Left,4,2,3,0,1.42,24,nan
7/24/2025 14:45:17,1.17.0,FR1,40,3.96,nan,1,Left,Left,5,2,3,0,nan,nan,0.21
7/24/2025 14:45:21,1.17.0,FR1,40,3.96,2,1,Pellet,Left,5,2,4,0,1.48,29,nan
7/24/2025 14:45:36,1.17.0,FR1,40,3.96,nan,1,Left,Left,6,2,4,0,nan,nan,0.09
7/24/2025 14:45:37,1.17.0,FR1,40,3.95,nan,1,LeftDuringDispense,Left,7,2,4,0,nan,nan,0.02
7/24/2025 14:45:41,1.17.0,FR1,40,3.96,2,1,Pellet,Left,7,2,5,0,1.80,20,nan
7/24/2025 14:46:07,1.17.0,FR1,40,3.95,nan,1,Left,Left,8,2,5,0,nan,nan,0.07
7/24/2025 14:46:09,1.17.0,FR1,40,3.96,1,1,Pellet,Left,8,2,6,0,0.72,28,nan
7/24/2025 14:47:32,1.17.0,FR1,40,3.95,nan,1,Right,Left,8,3,6,0,nan,nan,0.18
7/24/2025 14:55:35,1.17.0,FR1,40,3.95,nan,1,Right,Left,8,4,6,0,nan,nan,0.40
7/24/2025 14:55:39,1.17.0,FR1,40,3.95,nan,1,Left,Left,9,4,6,0,nan,nan,1.51
7/24/2025 14:55:41,1.17.0,FR1,40,3.96,1,1,Pellet,Left,9,4,7,0,1.10,572,nan
7/24/2025 14:56:01,1.17.0,FR1,40,3.96,nan,1,Left,Left,10,4,7,0,nan,nan,0.38
7/24/2025 14:56:02,1.17.0,FR1,40,3.95,1,1,Pellet,Left,10,4,8,0,1.04,21,nan
7/24/2025 14:56:23,1.17.0,FR1,40,3.95,nan,1,Left,Left,11,4,8,0,nan,nan,0.10
7/24/2025 14:56:23,1.17.0,FR1,40,3.96,nan,1,LeftDuringDispense,Left,12,4,8,0,nan,nan,0.01
7/24/2025 14:56:27,1.17.0,FR1,40,3.95,2,1,Pellet,Left,12,4,9,0,1.35,25,nan
7/24/2025 14:56:45,1.17.0,FR1,40,3.96,nan,1,Left,Left,13,4,9,0,nan,nan,0.63
7/24/2025 14:56:46,1.17.0,FR1,40,3.96,1,1,Pellet,Left,13,4,10,0,0.66,19,nan
7/24/2025 14:57:16,1.17.0,FR1,40,3.96,nan,1,Left,Left,14,4,10,0,nan,nan,0.42
7/24/2025 14:57:19,1.17.0,FR1,40,3.96,2,1,Pellet,Left,14,4,11,0,0.66,33,nan
7/24/2025 14:57:44,1.17.0,FR1,40,3.95,nan,1,Left,Left,15,4,11,0,nan,nan,0.46
7/24/2025 14:57:45,1.17.0,FR1,40,3.95,1,1,Pellet,Left,15,4,12,0,0.66,26,nan
7/24/2025 15:24:34,1.17.0,FR1,40,3.95,nan,1,Left,Left,16,4,12,0,nan,nan,0.30
7/24/2025 16:00:44,1.17.0,FR1,40,3.95,3,1,Pellet,Left,16,4,13,0,Timed_out,3779,nan
7/24/2025 16:01:08,1.17.0,FR1,40,3.95,nan,1,Left,Left,17,4,13,0,nan,nan,0.00
7/24/2025 16:01:10,1.17.0,FR1,40,3.96,1,1,Pellet,Left,17,4,14,0,1.04,26,nan
7/24/2025 16:01:26,1.17.0,FR1,40,3.96,nan,1,Left,Left,18,4,14,0,nan,nan,0.22
7/24/2025 16:01:28,1.17.0,FR1,40,3.95,1,1,Pellet,Left,18,4,15,0,1.10,17,nan
7/24/2025 16:01:44,1.17.0,FR1,40,3.95,nan,1,Left,Left,19,4,15,0,nan,nan,0.23
7/24/2025 16:01:44,1.17.0,FR1,40,3.95,nan,1,LeftDuringDispense,Left,20,4,15,0,nan,nan,0.07
7/24/2025 16:01:48,1.17.0,FR1,40,3.95,2,1,Pellet,Left,20,4,16,0,1.16,21,nan
7/24/2025 16:02:05,1.17.0,FR1,40,3.95,nan,1,Left,Left,21,4,16,0,nan,nan,0.10
7/24/2025 16:02:05,1.17.0,FR1,40,3.96,nan,1,LeftDuringDispense,Left,22,4,16,0,nan,nan,0.11
7/24/2025 16:02:09,1.17.0,FR1,40,3.95,2,1,Pellet,Left,22,4,17,0,1.10,21,nan
7/24/2025 16:02:24,1.17.0,FR1,40,3.96,nan,1,Left,Left,23,4,17,0,nan,nan,0.38
7/24/2025 16:02:25,1.17.0,FR1,40,3.95,1,1,Pellet,Left,23,4,18,0,0.85,16,nan
7/24/2025 16:02:36,1.17.0,FR1,40,3.95,nan,1,Left,Left,24,4,18,0,nan,nan,0.30
7/24/2025 16:02:37,1.17.0,FR1,40,3.95,nan,1,LeftDuringDispense,Left,25,4,18,0,nan,nan,0.04
7/24/2025 16:02:37,1.17.0,FR1,40,3.96,nan,1,LeftDuringDispense,Left,26,4,18,0,nan,nan,0.18
7/24/2025 16:02:41,1.17.0,FR1,40,3.95,2,1,Pellet,Left,26,4,19,0,0.98,16,nan
7/24/2025 16:03:03,1.17.0,FR1,40,3.95,nan,1,Left,Left,27,4,19,0,nan,nan,0.31
7/24/2025 16:03:04,1.17.0,FR1,40,3.95,1,1,Pellet,Left,27,4,20,0,0.79,23,nan
7/24/2025 16:17:14,1.17.0,FR1,40,3.95,nan,1,Right,Left,27,5,20,0,nan,nan,0.06
7/24/2025 16:17:15,1.17.0,FR1,40,3.95,nan,1,Right,Left,27,6,20,0,nan,nan,0.23
7/24/2025 16:17:18,1.17.0,FR1,40,3.96,nan,1,Left,Left,28,6,20,0,nan,nan,0.71
7/24/2025 16:41:35,1.17.0,FR1,40,3.94,nan,1,LeftWithPellet,Left,29,6,20,0,nan,nan,0.40
7/24/2025 16:41:40,1.17.0,FR1,40,3.95,nan,1,LeftWithPellet,Left,30,6,20,0,nan,nan,1.30
7/24/2025 16:41:41,1.17.0,FR1,40,3.95,nan,1,LeftWithPellet,Left,31,6,20,0,nan,nan,0.45
7/24/2025 16:41:47,1.17.0,FR1,40,3.95,nan,1,LeftWithPellet,Left,32,6,20,0,nan,nan,0.46
7/24/2025 16:41:48,1.17.0,FR1,40,3.95,nan,1,LeftWithPellet,Left,33,6,20,0,nan,nan,0.35
7/24/2025 16:41:54,1.17.0,FR1,40,3.95,nan,1,LeftWithPellet,Left,34,6,20,0,nan,nan,0.21
7/24/2025 16:41:58,1.17.0,FR1,40,3.95,nan,1,LeftWithPellet,Left,35,6,20,0,nan,nan,0.04
7/24/2025 16:42:00,1.17.0,FR1,40,3.95,nan,1,LeftWithPellet,Left,36,6,20,0,nan,nan,0.13
7/24/2025 16:42:07,1.17.0,FR1,40,3.95,1,1,Pellet,Left,36,6,21,0,Timed_out,2343,nan
7/24/2025 16:42:16,1.17.0,FR1,40,3.95,nan,1,Left,Left,37,6,21,0,nan,nan,0.05
7/24/2025 16:42:17,1.17.0,FR1,40,3.95,1,1,Pellet,Left,37,6,22,0,0.72,10,nan
7/24/2025 16:42:40,1.17.0,FR1,40,3.95,nan,1,Right,Left,37,7,22,0,nan,nan,0.02
7/24/2025 16:42:41,1.17.0,FR1,40,3.95,nan,1,Right,Left,37,8,22,0,nan,nan,0.15
7/24/2025 16:42:45,1.17.0,FR1,40,3.95,nan,1,Left,Left,38,8,22,0,nan,nan,0.37
7/24/2025 16:42:47,1.17.0,FR1,40,3.95,1,1,Pellet,Left,38,8,23,0,0.79,29,nan
7/24/2025 16:43:02,1.17.0,FR1,40,3.95,nan,1,Left,Left,39,8,23,0,nan,nan,0.12
7/24/2025 16:43:02,1.17.0,FR1,40,3.95,nan,1,LeftDuringDispense,Left,40,8,23,0,nan,nan,0.03
7/24/2025 16:43:06,1.17.0,FR1,40,3.95,2,1,Pellet,Left,40,8,24,0,0.97,20,nan
7/24/2025 16:43:22,1.17.0,FR1,40,3.95,nan,1,Left,Left,41,8,24,0,nan,nan,0.05
7/24/2025 16:43:23,1.17.0,FR1,40,3.95,1,1,Pellet,Left,41,8,25,0,0.66,17,nan
7/24/2025 16:43:42,1.17.0,FR1,40,3.95,nan,1,Left,Left,42,8,25,0,nan,nan,0.00
7/24/2025 16:43:42,1.17.0,FR1,40,3.95,nan,1,LeftDuringDispense,Left,43,8,25,0,nan,nan,0.07
7/24/2025 16:43:46,1.17.0,FR1,40,3.95,nan,1,LeftWithPellet,Left,44,8,25,0,nan,nan,0.32
7/24/2025 16:43:48,1.17.0,FR1,40,3.95,nan,1,LeftWithPellet,Left,45,8,25,0,nan,nan,0.64
7/24/2025 16:43:49,1.17.0,FR1,40,3.95,2,1,Pellet,Left,45,8,26,0,3.56,26,nan
7/24/2025 16:44:06,1.17.0,FR1,40,3.95,nan,1,Left,Left,46,8,26,0,nan,nan,0.13
7/24/2025 16:44:07,1.17.0,FR1,40,3.95,nan,1,LeftDuringDispense,Left,47,8,26,0,nan,nan,0.35
7/24/2025 17:04:40,1.17.0,FR1,40,3.94,nan,1,LeftWithPellet,Left,48,8,26,0,nan,nan,0.04
7/24/2025 17:04:45,1.17.0,FR1,40,3.95,nan,1,LeftWithPellet,Left,49,8,26,0,nan,nan,0.75
7/24/2025 17:04:50,1.17.0,FR1,40,3.95,nan,1,LeftWithPellet,Left,50,8,26,0,nan,nan,0.08
7/24/2025 17:04:52,1.17.0,FR1,40,3.95,nan,1,LeftWithPellet,Left,51,8,26,0,nan,nan,0.79
7/24/2025 17:04:53,1.17.0,FR1,40,3.95,nan,1,LeftWithPellet,Left,52,8,26,0,nan,nan,0.06
7/24/2025 17:04:57,1.17.0,FR1,40,3.95,nan,1,LeftWithPellet,Left,53,8,26,0,nan,nan,0.21
7/24/2025 17:05:04,1.17.0,FR1,40,3.95,nan,1,LeftWithPellet,Left,54,8,26,0,nan,nan,0.12
7/24/2025 17:05:06,1.17.0,FR1,40,3.94,nan,1,LeftWithPellet,Left,55,8,26,0,nan,nan,1.00
7/24/2025 17:05:18,1.17.0,FR1,40,3.95,nan,1,LeftWithPellet,Left,56,8,26,0,nan,nan,0.76
7/24/2025 17:05:19,1.17.0,FR1,40,3.95,nan,1,LeftWithPellet,Left,57,8,26,0,nan,nan,0.15
7/24/2025 17:05:26,1.17.0,FR1,40,3.96,nan,1,RightWithPellet,Left,57,9,26,0,nan,nan,0.74
7/24/2025 17:05:29,1.17.0,FR1,40,3.95,nan,1,RightWithPellet,Left,57,10,26,0,nan,nan,1.28
7/24/2025 17:05:37,1.17.0,FR1,40,3.95,nan,1,RightWithPellet,Left,57,11,26,0,nan,nan,0.31
7/24/2025 17:06:24,1.17.0,FR1,40,3.95,nan,1,RightWithPellet,Left,57,12,26,0,nan,nan,0.76
7/24/2025 17:06:26,1.17.0,FR1,40,3.95,nan,1,RightWithPellet,Left,57,13,26,0,nan,nan,0.02
7/24/2025 17:06:27,1.17.0,FR1,40,3.95,nan,1,RightWithPellet,Left,57,14,26,0,nan,nan,0.08
7/24/2025 17:06:30,1.17.0,FR1,40,3.94,nan,1,RightWithPellet,Left,57,15,26,0,nan,nan,1.14
7/24/2025 17:06:32,1.17.0,FR1,40,3.95,nan,1,RightWithPellet,Left,57,16,26,0,nan,nan,0.25
7/24/2025 17:06:39,1.17.0,FR1,40,3.95,nan,1,RightWithPellet,Left,57,17,26,0,nan,nan,0.15
7/24/2025 17:06:40,1.17.0,FR1,40,3.95,nan,1,RightWithPellet,Left,57,18,26,0,nan,nan,0.35
7/24/2025 17:06:41,1.17.0,FR1,40,3.95,nan,1,RightWithPellet,Left,57,19,26,0,nan,nan,0.49
7/24/2025 17:06:42,1.17.0,FR1,40,3.95,nan,1,RightWithPellet,Left,57,20,26,0,nan,nan,0.01
7/24/2025 17:07:08,1.17.0,FR1,40,3.95,nan,1,LeftWithPellet,Left,58,20,26,0,nan,nan,0.17
7/24/2025 17:07:09,1.17.0,FR1,40,3.94,nan,1,LeftWithPellet,Left,59,20,26,0,nan,nan,0.13
7/24/2025 17:07:13,1.17.0,FR1,40,3.94,nan,1,LeftWithPellet,Left,60,20,26,0,nan,nan,0.61
7/24/2025 17:07:15,1.17.0,FR1,40,3.95,nan,1,LeftWithPellet,Left,61,20,26,0,nan,nan,0.34
7/24/2025 17:07:18,1.17.0,FR1,40,3.95,nan,1,LeftWithPellet,Left,62,20,26,0,nan,nan,0.34
7/24/2025 17:07:27,1.17.0,FR1,40,3.95,nan,1,LeftWithPellet,Left,63,20,26,0,nan,nan,0.07
7/24/2025 17:07:29,1.17.0,FR1,40,3.95,nan,1,LeftWithPellet,Left,64,20,26,0,nan,nan,0.44
7/24/2025 17:07:49,1.17.0,FR1,40,3.95,nan,1,RightWithPellet,Left,64,21,26,0,nan,nan,0.08
7/24/2025 17:07:52,1.17.0,FR1,40,3.95,nan,1,RightWithPellet,Left,64,22,26,0,nan,nan,0.68
7/24/2025 17:07:55,1.17.0,FR1,40,3.95,nan,1,RightWithPellet,Left,64,23,26,0,nan,nan,0.37
7/24/2025 17:07:58,1.17.0,FR1,40,3.95,nan,1,LeftWithPellet,Left,65,23,26,0,nan,nan,0.32
7/24/2025 17:08:01,1.17.0,FR1,40,3.95,nan,1,LeftWithPellet,Left,66,23,26,0,nan,nan,0.35
7/24/2025 17:08:10,1.17.0,FR1,40,3.95,nan,1,LeftWithPellet,Left,67,23,26,0,nan,nan,0.05
7/24/2025 17:08:11,1.17.0,FR1,40,3.95,nan,1,LeftWithPellet,Left,68,23,26,0,nan,nan,0.13
7/24/2025 17:08:14,1.17.0,FR1,40,3.95,nan,1,LeftWithPellet,Left,69,23,26,0,nan,nan,0.08
7/24/2025 17:08:15,1.17.0,FR1,40,3.95,nan,1,LeftWithPellet,Left,70,23,26,0,nan,nan,0.67
7/24/2025 17:08:19,1.17.0,FR1,40,3.95,nan,1,RightWithPellet,Left,70,24,26,0,nan,nan,0.53
7/24/2025 17:08:26,1.17.0,FR1,40,3.96,2,1,Pellet,Left,70,24,27,0,Timed_out,1477,nan
7/24/2025 17:13:22,1.17.0,FR1,40,3.95,nan,1,Left,Left,71,24,27,0,nan,nan,0.77
7/24/2025 17:13:23,1.17.0,FR1,40,3.95,nan,1,LeftDuringDispense,Left,72,24,27,0,nan,nan,0.14
7/24/2025 17:13:24,1.17.0,FR1,40,3.95,1,1,Pellet,Left,72,24,28,0,0.66,298,nan
7/24/2025 17:13:49,1.17.0,FR1,40,3.95,nan,1,Left,Left,73,24,28,0,nan,nan,0.47
7/24/2025 17:13:50,1.17.0,FR1,40,3.95,nan,1,LeftDuringDispense,Left,74,24,28,0,nan,nan,0.04
7/24/2025 17:13:54,1.17.0,FR1,40,3.95,3,1,Pellet,Left,74,24,29,0,0.85,30,nan
7/24/2025 17:14:10,1.17.0,FR1,40,3.95,nan,1,Left,Left,75,24,29,0,nan,nan,0.72
7/24/2025 17:14:12,1.17.0,FR1,40,3.95,2,1,Pellet,Left,75,24,30,0,0.66,18,nan
7/24/2025 17:14:31,1.17.0,FR1,40,3.95,nan,1,Left,Left,76,24,30,0,nan,nan,0.00
7/24/2025 17:14:32,1.17.0,FR1,40,3.95,1,1,Pellet,Left,76,24,31,0,0.66,20,nan
7/24/2025 17:14:59,1.17.0,FR1,40,3.95,nan,1,Left,Left,77,24,31,0,nan,nan,1.11
7/24/2025 17:15:00,1.17.0,FR1,40,3.94,1,1,Pellet,Left,77,24,32,0,0.91,28,nan
7/24/2025 17:15:27,1.17.0,FR1,40,3.95,nan,1,Left,Left,78,24,32,0,nan,nan,0.52
7/24/2025 17:15:28,1.17.0,FR1,40,3.95,nan,1,LeftDuringDispense,Left,79,24,32,0,nan,nan,0.62
7/24/2025 17:15:31,1.17.0,FR1,40,3.95,2,1,Pellet,Left,79,24,33,0,0.72,31,nan
7/24/2025 17:15:49,1.17.0,FR1,40,3.95,nan,1,Left,Left,80,24,33,0,nan,nan,0.77
7/24/2025 17:15:49,1.17.0,FR1,40,3.95,nan,1,LeftDuringDispense,Left,81,24,33,0,nan,nan,0.10
7/24/2025 17:15:50,1.17.0,FR1,40,3.94,nan,1,LeftDuringDispense,Left,82,24,33,0,nan,nan,0.31
7/24/2025 17:15:53,1.17.0,FR1,40,3.95,2,1,Pellet,Left,82,24,34,0,0.66,22,nan
7/24/2025 17:16:07,1.17.0,FR1,40,3.94,nan,1,Left,Left,83,24,34,0,nan,nan,0.05
7/24/2025 17:16:09,1.17.0,FR1,40,3.95,1,1,Pellet,Left,83,24,35,0,1.67,16,nan
7/24/2025 17:16:36,1.17.0,FR1,40,3.95,nan,1,Left,Left,84,24,35,0,nan,nan,1.11
7/24/2025 17:16:38,1.17.0,FR1,40,3.95,1,1,Pellet,Left,84,24,36,0,0.66,29,nan
7/24/2025 17:16:57,1.17.0,FR1,40,3.95,nan,1,Left,Left,85,24,36,0,nan,nan,0.17
7/24/2025 17:17:06,1.17.0,FR1,40,3.94,nan,1,LeftWithPellet,Left,86,24,36,0,nan,nan,0.29
7/24/2025 17:22:51,1.17.0,FR1,40,3.95,nan,1,RightWithPellet,Left,86,25,36,0,nan,nan,2.89
7/24/2025 17:22:56,1.17.0,FR1,40,3.95,nan,1,RightWithPellet,Left,86,26,36,0,nan,nan,1.49
7/24/2025 17:23:00,1.17.0,FR1,40,3.95,nan,1,RightWithPellet,Left,86,27,36,0,nan,nan,1.58
7/24/2025 17:23:03,1.17.0,FR1,40,3.95,nan,1,RightWithPellet,Left,86,28,36,0,nan,nan,1.11
7/24/2025 17:23:09,1.17.0,FR1,40,3.95,nan,1,LeftWithPellet,Left,87,28,36,0,nan,nan,1.27
7/24/2025 17:23:11,1.17.0,FR1,40,3.95,nan,1,LeftWithPellet,Left,88,28,36,0,nan,nan,0.89
7/24/2025 17:23:13,1.17.0,FR1,40,3.95,nan,1,LeftWithPellet,Left,89,28,36,0,nan,nan,0.74
7/24/2025 17:23:39,1.17.0,FR1,40,3.94,nan,1,RightWithPellet,Left,89,29,36,0,nan,nan,0.48
7/24/2025 17:23:41,1.17.0,FR1,40,3.95,nan,1,RightWithPellet,Left,89,30,36,0,nan,nan,0.74
7/24/2025 17:23:44,1.17.0,FR1,40,3.95,nan,1,RightWithPellet,Left,89,31,36,0,nan,nan,0.07
7/24/2025 17:23:45,1.17.0,FR1,40,3.95,nan,1,RightWithPellet,Left,89,32,36,0,nan,nan,0.10
7/24/2025 17:23:47,1.17.0,FR1,40,3.94,nan,1,RightWithPellet,Left,89,33,36,0,nan,nan,0.77
7/24/2025 17:24:10,1.17.0,FR1,40,3.94,nan,1,RightWithPellet,Left,89,34,36,0,nan,nan,0.13
7/24/2025 17:24:14,1.17.0,FR1,40,3.95,nan,1,RightWithPellet,Left,89,35,36,0,nan,nan,0.87
7/24/2025 17:24:19,1.17.0,FR1,40,3.95,nan,1,RightWithPellet,Left,89,36,36,0,nan,nan,0.08
7/24/2025 17:24:52,1.17.0,FR1,40,3.95,nan,1,LeftWithPellet,Left,90,36,36,0,nan,nan,0.05
7/24/2025 17:24:57,1.17.0,FR1,40,3.95,nan,1,LeftWithPellet,Left,91,36,36,0,nan,nan,0.67
7/24/2025 17:25:00,1.17.0,FR1,40,3.95,nan,1,LeftWithPellet,Left,92,36,36,0,nan,nan,1.06
7/24/2025 17:25:04,1.17.0,FR1,40,3.95,nan,1,LeftWithPellet,Left,93,36,36,0,nan,nan,0.71
7/24/2025 17:25:05,1.17.0,FR1,40,3.94,nan,1,LeftWithPellet,Left,94,36,36,0,nan,nan,0.03
7/24/2025 17:25:06,1.17.0,FR1,40,3.94,nan,1,LeftWithPellet,Left,95,36,36,0,nan,nan,0.70
7/24/2025 17:25:11,1.17.0,FR1,40,3.95,nan,1,LeftWithPellet,Left,96,36,36,0,nan,nan,0.52
7/24/2025 17:25:22,1.17.0,FR1,40,3.95,nan,1,RightWithPellet,Left,96,37,36,0,nan,nan,0.84
7/24/2025 17:26:08,1.17.0,FR1,40,3.94,nan,1,LeftWithPellet,Left,97,37,36,0,nan,nan,0.12
7/24/2025 17:26:14,1.17.0,FR1,40,3.94,nan,1,LeftWithPellet,Left,98,37,36,0,nan,nan,1.29
7/24/2025 17:26:16,1.17.0,FR1,40,3.95,nan,1,LeftWithPellet,Left,99,37,36,0,nan,nan,0.75
7/24/2025 17:26:18,1.17.0,FR1,40,3.95,nan,1,LeftWithPellet,Left,100,37,36,0,nan,nan,0.14
7/24/2025 17:26:20,1.17.0,FR1,40,3.95,nan,1,LeftWithPellet,Left,101,37,36,0,nan,nan,0.97
7/24/2025 17:26:24,1.17.0,FR1,40,3.94,nan,1,LeftWithPellet,Left,102,37,36,0,nan,nan,0.98
7/24/2025 17:26:32,1.17.0,FR1,40,3.95,nan,1,LeftWithPellet,Left,103,37,36,0,nan,nan,0.08
7/24/2025 17:26:34,1.17.0,FR1,40,3.94,nan,1,LeftWithPellet,Left,104,37,36,0,nan,nan,1.33
7/24/2025 17:26:37,1.17.0,FR1,40,3.95,nan,1,LeftWithPellet,Left,105,37,36,0,nan,nan,0.28
7/24/2025 17:26:50,1.17.0,FR1,40,3.94,nan,1,LeftWithPellet,Left,106,37,36,0,nan,nan,0.09
7/24/2025 17:26:52,1.17.0,FR1,40,3.94,nan,1,LeftWithPellet,Left,107,37,36,0,nan,nan,1.65
7/24/2025 17:26:54,1.17.0,FR1,40,3.94,nan,1,LeftWithPellet,Left,108,37,36,0,nan,nan,0.74
7/24/2025 17:27:00,1.17.0,FR1,40,3.94,nan,1,LeftWithPellet,Left,109,37,36,0,nan,nan,1.52
7/24/2025 17:27:14,1.17.0,FR1,40,3.94,nan,1,LeftWithPellet,Left,110,37,36,0,nan,nan,0.31
7/24/2025 17:27:47,1.17.0,FR1,40,3.94,nan,1,RightWithPellet,Left,110,38,36,0,nan,nan,0.18
7/24/2025 17:27:49,1.17.0,FR1,40,3.95,nan,1,RightWithPellet,Left,110,39,36,0,nan,nan,0.56
7/24/2025 17:27:51,1.17.0,FR1,40,3.95,nan,1,RightWithPellet,Left,110,40,36,0,nan,nan,0.59
7/24/2025 17:27:52,1.17.0,FR1,40,3.95,nan,1,RightWithPellet,Left,110,41,36,0,nan,nan,0.18
7/24/2025 17:27:54,1.17.0,FR1,40,3.94,nan,1,RightWithPellet,Left,110,42,36,0,nan,nan,0.07
7/24/2025 17:27:57,1.17.0,FR1,40,3.95,nan,1,RightWithPellet,Left,110,43,36,0,nan,nan,0.50
7/24/2025 17:27:59,1.17.0,FR1,40,3.94,nan,1,RightWithPellet,Left,110,44,36,0,nan,nan,1.30
7/24/2025 17:28:04,1.17.0,FR1,40,3.94,1,1,Pellet,Left,110,44,37,0,Timed_out,686,nan
7/24/2025 17:28:20,1.17.0,FR1,40,3.95,nan,1,Right,Left,110,45,37,0,nan,nan,0.83
7/24/2025 17:28:25,1.17.0,FR1,40,3.95,nan,1,Left,Left,111,45,37,0,nan,nan,0.76
7/24/2025 17:28:25,1.17.0,FR1,40,3.94,nan,1,LeftDuringDispense,Left,112,45,37,0,nan,nan,0.04
7/24/2025 17:28:28,1.17.0,FR1,40,3.94,2,1,Pellet,Left,112,45,38,0,0.66,24,nan
7/24/2025 17:28:44,1.17.0,FR1,40,3.95,nan,1,Left,Left,113,45,38,0,nan,nan,0.32
7/24/2025 17:28:45,1.17.0,FR1,40,3.95,1,1,Pellet,Left,113,45,39,0,0.72,17,nan
7/24/2025 17:29:02,1.17.0,FR1,40,3.95,nan,1,Left,Left,114,45,39,0,nan,nan,0.19
7/24/2025 17:29:04,1.17.0,FR1,40,3.94,1,1,Pellet,Left,114,45,40,0,0.66,19,nan
7/24/2025 17:29:29,1.17.0,FR1,40,3.95,nan,1,Left,Left,115,45,40,0,nan,nan,0.63
7/24/2025 17:29:29,1.17.0,FR1,40,3.94,nan,1,LeftDuringDispense,Left,116,45,40,0,nan,nan,0.04
7/24/2025 17:29:33,1.17.0,FR1,40,3.94,2,1,Pellet,Left,116,45,41,0,0.66,29,nan
7/24/2025 17:29:53,1.17.0,FR1,40,3.95,nan,1,Left,Left,117,45,41,0,nan,nan,0.13
7/24/2025 17:29:55,1.17.0,FR1,40,3.95,1,1,Pellet,Left,117,45,42,0,0.66,22,nan
7/24/2025 17:30:13,1.17.0,FR1,40,3.95,nan,1,Left,Left,118,45,42,0,nan,nan,0.01
7/24/2025 17:30:15,1.17.0,FR1,40,3.94,1,1,Pellet,Left,118,45,43,0,1.10,20,nan
7/24/2025 17:30:40,1.17.0,FR1,40,3.95,nan,1,Left,Left,119,45,43,0,nan,nan,0.11
7/24/2025 17:30:42,1.17.0,FR1,40,3.95,1,1,Pellet,Left,119,45,44,0,0.91,27,nan
7/24/2025 17:31:03,1.17.0,FR1,40,3.95,nan,1,Left,Left,120,45,44,0,nan,nan,0.08
7/24/2025 17:31:04,1.17.0,FR1,40,3.95,1,1,Pellet,Left,120,45,45,0,0.97,22,nan
7/24/2025 17:31:19,1.17.0,FR1,40,3.94,nan,1,Left,Left,121,45,45,0,nan,nan,0.03
7/24/2025 17:31:19,1.17.0,FR1,40,3.95,nan,1,LeftDuringDispense,Left,122,45,45,0,nan,nan,0.05
7/24/2025 17:31:23,1.17.0,FR1,40,3.95,2,1,Pellet,Left,122,45,46,0,0.91,19,nan
7/24/2025 17:31:42,1.17.0,FR1,40,3.95,nan,1,Left,Left,123,45,46,0,nan,nan,0.09
7/24/2025 17:31:42,1.17.0,FR1,40,3.96,nan,1,LeftDuringDispense,Left,124,45,46,0,nan,nan,0.05
7/24/2025 17:31:46,1.17.0,FR1,40,3.95,2,1,Pellet,Left,124,45,47,0,0.72,23,nan
7/24/2025 17:32:00,1.17.0,FR1,40,3.94,nan,1,Left,Left,125,45,47,0,nan,nan,0.04
7/24/2025 17:32:02,1.17.0,FR1,40,3.95,1,1,Pellet,Left,125,45,48,0,0.66,16,nan
7/24/2025 17:32:22,1.17.0,FR1,40,3.94,nan,1,Left,Left,126,45,48,0,nan,nan,0.10
7/24/2025 17:32:23,1.17.0,FR1,40,3.95,nan,1,LeftDuringDispense,Left,127,45,48,0,nan,nan,0.08
7/24/2025 17:32:30,1.17.0,FR1,40,3.94,nan,1,LeftWithPellet,Left,128,45,48,0,nan,nan,0.60
7/24/2025 17:36:00,1.17.0,FR1,40,3.94,nan,1,RightWithPellet,Left,128,46,48,0,nan,nan,0.06
7/24/2025 17:36:03,1.17.0,FR1,40,3.94,nan,1,RightWithPellet,Left,128,47,48,0,nan,nan,0.14
7/24/2025 17:36:21,1.17.0,FR1,40,3.94,nan,1,RightWithPellet,Left,128,48,48,0,nan,nan,1.79
7/24/2025 17:47:06,1.17.0,FR1,40,3.94,nan,1,LeftWithPellet,Left,129,48,48,0,nan,nan,0.65
7/24/2025 17:47:10,1.17.0,FR1,40,3.95,nan,1,LeftWithPellet,Left,130,48,48,0,nan,nan,0.30
7/24/2025 17:47:11,1.17.0,FR1,40,3.95,nan,1,LeftWithPellet,Left,131,48,48,0,nan,nan,0.19
7/24/2025 17:47:15,1.17.0,FR1,40,3.94,nan,1,LeftWithPellet,Left,132,48,48,0,nan,nan,0.72
7/24/2025 17:47:21,1.17.0,FR1,40,3.95,nan,1,RightWithPellet,Left,132,49,48,0,nan,nan,1.25
7/24/2025 17:47:26,1.17.0,FR1,40,3.95,2,1,Pellet,Left,132,49,49,0,Timed_out,924,nan
7/24/2025 17:47:33,1.17.0,FR1,40,3.94,nan,1,Right,Left,132,50,49,0,nan,nan,0.15
7/24/2025 17:47:37,1.17.0,FR1,40,3.95,nan,1,Left,Left,133,50,49,0,nan,nan,0.06
7/24/2025 17:47:38,1.17.0,FR1,40,3.95,1,1,Pellet,Left,133,50,50,0,1.04,12,nan
7/24/2025 17:47:56,1.17.0,FR1,40,3.94,nan,1,Left,Left,134,50,50,0,nan,nan,0.36
7/24/2025 17:47:57,1.17.0,FR1,40,3.95,1,1,Pellet,Left,134,50,51,0,0.66,19,nan
7/24/2025 17:48:16,1.17.0,FR1,40,3.95,nan,1,Left,Left,135,50,51,0,nan,nan,0.20
7/24/2025 17:48:18,1.17.0,FR1,40,3.94,1,1,Pellet,Left,135,50,52,0,0.97,21,nan
7/24/2025 17:48:45,1.17.0,FR1,40,3.94,nan,1,Left,Left,136,50,52,0,nan,nan,0.24
7/24/2025 17:48:46,1.17.0,FR1,40,3.95,1,1,Pellet,Left,136,50,53,0,0.72,28,nan
7/24/2025 17:49:13,1.17.0,FR1,40,3.94,nan,1,Left,Left,137,50,53,0,nan,nan,0.63
7/24/2025 17:49:13,1.17.0,FR1,40,3.95,nan,1,LeftDuringDispense,Left,138,50,53,0,nan,nan,0.02
7/24/2025 17:49:17,1.17.0,FR1,40,3.95,2,1,Pellet,Left,138,50,54,0,1.29,31,nan
7/24/2025 17:49:38,1.17.0,FR1,40,3.94,nan,1,Left,Left,139,50,54,0,nan,nan,0.07
7/24/2025 17:49:39,1.17.0,FR1,40,3.95,1,1,Pellet,Left,139,50,55,0,0.72,22,nan
7/24/2025 17:50:41,1.17.0,FR1,40,3.94,nan,1,Right,Left,139,51,55,0,nan,nan,0.09
7/24/2025 17:50:44,1.17.0,FR1,40,3.95,nan,1,Right,Left,139,52,55,0,nan,nan,0.14
7/24/2025 17:50:55,1.17.0,FR1,40,3.94,nan,1,Left,Left,140,52,55,0,nan,nan,0.40
7/24/2025 17:50:57,1.17.0,FR1,40,3.94,1,1,Pellet,Left,140,52,56,0,0.66,78,nan
7/24/2025 17:51:11,1.17.0,FR1,40,3.94,nan,1,Left,Left,141,52,56,0,nan,nan,0.58
7/24/2025 17:51:13,1.17.0,FR1,40,3.95,1,1,Pellet,Left,141,52,57,0,0.98,16,nan
7/24/2025 17:51:29,1.17.0,FR1,40,3.95,nan,1,Left,Left,142,52,57,0,nan,nan,0.10
7/24/2025 17:51:31,1.17.0,FR1,40,3.94,1,1,Pellet,Left,142,52,58,0,0.79,18,nan
7/24/2025 18:06:44,1.17.0,FR1,40,3.94,nan,1,Right,Left,142,53,58,0,nan,nan,0.01
7/24/2025 18:06:49,1.17.0,FR1,40,3.95,nan,1,Right,Left,142,54,58,0,nan,nan,0.62
7/24/2025 18:06:51,1.17.0,FR1,40,3.95,nan,1,Right,Left,142,55,58,0,nan,nan,0.23
7/24/2025 18:08:05,1.17.0,FR1,40,3.94,nan,1,Left,Left,143,55,58,0,nan,nan,0.32
7/24/2025 18:14:15,1.17.0,FR1,40,3.94,nan,1,RightWithPellet,Left,143,56,58,0,nan,nan,0.43
7/24/2025 18:14:17,1.17.0,FR1,40,3.94,nan,1,RightWithPellet,Left,143,57,58,0,nan,nan,1.09
7/24/2025 18:14:18,1.17.0,FR1,40,3.94,nan,1,RightWithPellet,Left,143,58,58,0,nan,nan,0.12
7/24/2025 18:14:26,1.17.0,FR1,40,3.95,nan,1,LeftWithPellet,Left,144,58,58,0,nan,nan,0.06
7/24/2025 18:14:29,1.17.0,FR1,40,3.94,nan,1,LeftWithPellet,Left,145,58,58,0,nan,nan,1.36
7/24/2025 18:15:06,1.17.0,FR1,40,3.94,nan,1,LeftWithPellet,Left,146,58,58,0,nan,nan,0.03
7/24/2025 18:15:09,1.17.0,FR1,40,3.95,nan,1,LeftWithPellet,Left,147,58,58,0,nan,nan,0.40
7/24/2025 18:15:11,1.17.0,FR1,40,3.94,nan,1,LeftWithPellet,Left,148,58,58,0,nan,nan,0.44
7/24/2025 18:15:13,1.17.0,FR1,40,3.94,nan,1,LeftWithPellet,Left,149,58,58,0,nan,nan,0.21
7/24/2025 18:15:15,1.17.0,FR1,40,3.95,nan,1,LeftWithPellet,Left,150,58,58,0,nan,nan,0.29
7/24/2025 18:15:16,1.17.0,FR1,40,3.94,nan,1,LeftWithPellet,Left,151,58,58,0,nan,nan,0.04
7/24/2025 18:15:49,1.17.0,FR1,40,3.95,nan,1,RightWithPellet,Left,151,59,58,0,nan,nan,0.00
7/24/2025 18:15:51,1.17.0,FR1,40,3.94,nan,1,RightWithPellet,Left,151,60,58,0,nan,nan,0.79
7/24/2025 18:15:53,1.17.0,FR1,40,3.95,nan,1,RightWithPellet,Left,151,61,58,0,nan,nan,0.27
7/24/2025 18:15:54,1.17.0,FR1,40,3.95,nan,1,RightWithPellet,Left,151,62,58,0,nan,nan,0.04
7/24/2025 18:15:56,1.17.0,FR1,40,3.94,nan,1,RightWithPellet,Left,151,63,58,0,nan,nan,0.33
7/24/2025 18:17:47,1.17.0,FR1,40,3.94,nan,1,LeftWithPellet,Left,152,63,58,0,nan,nan,0.06
7/24/2025 18:17:49,1.17.0,FR1,40,3.95,nan,1,LeftWithPellet,Left,153,63,58,0,nan,nan,0.84
7/24/2025 18:17:55,1.17.0,FR1,40,3.95,nan,1,LeftWithPellet,Left,154,63,58,0,nan,nan,0.88
7/24/2025 18:17:58,1.17.0,FR1,40,3.94,nan,1,LeftWithPellet,Left,155,63,58,0,nan,nan,0.45
7/24/2025 18:18:07,1.17.0,FR1,40,3.94,nan,1,LeftWithPellet,Left,156,63,58,0,nan,nan,0.92
7/24/2025 18:18:09,1.17.0,FR1,40,3.95,nan,1,LeftWithPellet,Left,157,63,58,0,nan,nan,0.60
7/24/2025 18:18:12,1.17.0,FR1,40,3.94,nan,1,LeftWithPellet,Left,158,63,58,0,nan,nan,0.37
7/24/2025 18:18:15,1.17.0,FR1,40,3.95,nan,1,LeftWithPellet,Left,159,63,58,0,nan,nan,0.46
7/24/2025 18:18:19,1.17.0,FR1,40,3.94,nan,1,LeftWithPellet,Left,160,63,58,0,nan,nan,0.38
7/24/2025 18:18:31,1.17.0,FR1,40,3.94,nan,1,RightWithPellet,Left,160,64,58,0,nan,nan,1.32
7/24/2025 18:18:35,1.17.0,FR1,40,3.95,nan,1,RightWithPellet,Left,160,65,58,0,nan,nan,2.13
7/24/2025 18:20:20,1.17.0,FR1,40,3.94,nan,1,RightWithPellet,Left,160,66,58,0,nan,nan,0.44
7/24/2025 18:20:35,1.17.0,FR1,40,3.95,nan,1,RightWithPellet,Left,160,67,58,0,nan,nan,1.18
7/24/2025 18:20:38,1.17.0,FR1,40,3.94,nan,1,RightWithPellet,Left,160,68,58,0,nan,nan,0.94
7/24/2025 18:20:43,1.17.0,FR1,40,3.95,nan,1,RightWithPellet,Left,160,69,58,0,nan,nan,0.92
7/24/2025 18:20:46,1.17.0,FR1,40,3.94,nan,1,RightWithPellet,Left,160,70,58,0,nan,nan,0.75
7/24/2025 18:20:51,1.17.0,FR1,40,3.94,nan,1,RightWithPellet,Left,160,71,58,0,nan,nan,0.06
7/24/2025 18:20:56,1.17.0,FR1,40,3.94,nan,1,LeftWithPellet,Left,161,71,58,0,nan,nan,0.12
7/24/2025 18:21:03,1.17.0,FR1,40,3.94,nan,1,LeftWithPellet,Left,162,71,58,0,nan,nan,0.39
7/24/2025 18:21:08,1.17.0,FR1,40,3.94,nan,1,LeftWithPellet,Left,163,71,58,0,nan,nan,0.04
7/24/2025 18:21:10,1.17.0,FR1,40,3.94,nan,1,LeftWithPellet,Left,164,71,58,0,nan,nan,0.14
7/24/2025 18:21:11,1.17.0,FR1,40,3.94,nan,1,LeftWithPellet,Left,165,71,58,0,nan,nan,0.75
7/24/2025 18:21:14,1.17.0,FR1,40,3.94,nan,1,RightWithPellet,Left,165,72,58,0,nan,nan,0.03
7/24/2025 18:21:17,1.17.0,FR1,40,3.94,nan,1,RightWithPellet,Left,165,73,58,0,nan,nan,0.67
7/24/2025 18:21:22,1.17.0,FR1,40,3.94,nan,1,RightWithPellet,Left,165,74,58,0,nan,nan,0.10
7/24/2025 18:21:24,1.17.0,FR1,40,3.94,nan,1,RightWithPellet,Left,165,75,58,0,nan,nan,0.14
7/24/2025 18:21:40,1.17.0,FR1,40,3.94,nan,1,LeftWithPellet,Left,166,75,58,0,nan,nan,0.55
7/24/2025 18:21:42,1.17.0,FR1,40,3.94,nan,1,LeftWithPellet,Left,167,75,58,0,nan,nan,0.04
7/24/2025 18:21:44,1.17.0,FR1,40,3.94,nan,1,LeftWithPellet,Left,168,75,58,0,nan,nan,0.73
7/24/2025 18:21:45,1.17.0,FR1,40,3.94,nan,1,LeftWithPellet,Left,169,75,58,0,nan,nan,0.06
7/24/2025 18:24:09,1.17.0,FR1,40,3.94,nan,1,LeftWithPellet,Left,170,75,58,0,nan,nan,0.11
7/24/2025 18:24:11,1.17.0,FR1,40,3.95,nan,1,LeftWithPellet,Left,171,75,58,0,nan,nan,0.72
7/24/2025 18:24:15,1.17.0,FR1,40,3.94,nan,1,LeftWithPellet,Left,172,75,58,0,nan,nan,1.28
7/24/2025 18:24:20,1.17.0,FR1,40,3.95,nan,1,LeftWithPellet,Left,173,75,58,0,nan,nan,0.94
7/24/2025 18:24:24,1.17.0,FR1,40,3.94,nan,1,LeftWithPellet,Left,174,75,58,0,nan,nan,1.16
7/24/2025 18:24:29,1.17.0,FR1,40,3.94,nan,1,LeftWithPellet,Left,175,75,58,0,nan,nan,0.88
7/24/2025 18:24:32,1.17.0,FR1,40,3.95,nan,1,LeftWithPellet,Left,176,75,58,0,nan,nan,0.11
7/24/2025 18:24:33,1.17.0,FR1,40,3.94,nan,1,LeftWithPellet,Left,177,75,58,0,nan,nan,0.46
7/24/2025 18:24:38,1.17.0,FR1,40,3.94,nan,1,LeftWithPellet,Left,178,75,58,0,nan,nan,0.52
7/24/2025 18:29:07,1.17.0,FR1,40,3.95,nan,1,LeftWithPellet,Left,179,75,58,0,nan,nan,1.37
7/24/2025 18:29:09,1.17.0,FR1,40,3.94,nan,1,LeftWithPellet,Left,180,75,58,0,nan,nan,0.67
7/24/2025 18:29:11,1.17.0,FR1,40,3.94,nan,1,LeftWithPellet,Left,181,75,58,0,nan,nan,0.63
7/24/2025 18:29:13,1.17.0,FR1,40,3.94,nan,1,LeftWithPellet,Left,182,75,58,0,nan,nan,0.17
7/24/2025 18:29:14,1.17.0,FR1,40,3.95,nan,1,LeftWithPellet,Left,183,75,58,0,nan,nan,0.40
7/24/2025 18:29:14,1.17.0,FR1,40,3.94,nan,1,LeftWithPellet,Left,184,75,58,0,nan,nan,0.01
7/24/2025 18:29:19,1.17.0,FR1,40,3.94,nan,1,LeftWithPellet,Left,185,75,58,0,nan,nan,1.65
7/24/2025 18:29:26,1.17.0,FR1,40,3.94,nan,1,LeftWithPellet,Left,186,75,58,0,nan,nan,0.03
7/24/2025 18:29:27,1.17.0,FR1,40,3.94,nan,1,LeftWithPellet,Left,187,75,58,0,nan,nan,0.16
7/24/2025 18:29:30,1.17.0,FR1,40,3.95,nan,1,LeftWithPellet,Left,188,75,58,0,nan,nan,0.94
7/24/2025 18:29:33,1.17.0,FR1,40,3.94,nan,1,LeftWithPellet,Left,189,75,58,0,nan,nan,0.37
7/24/2025 18:31:08,1.17.0,FR1,40,3.94,nan,1,LeftWithPellet,Left,190,75,58,0,nan,nan,0.62
7/24/2025 18:31:10,1.17.0,FR1,40,3.94,nan,1,LeftWithPellet,Left,191,75,58,0,nan,nan,0.01
7/24/2025 18:31:12,1.17.0,FR1,40,3.94,nan,1,LeftWithPellet,Left,192,75,58,0,nan,nan,0.03
7/24/2025 18:31:14,1.17.0,FR1,40,3.94,nan,1,LeftWithPellet,Left,193,75,58,0,nan,nan,0.86
7/24/2025 18:31:16,1.17.0,FR1,40,3.94,nan,1,LeftWithPellet,Left,194,75,58,0,nan,nan,0.22
7/24/2025 18:31:21,1.17.0,FR1,40,3.94,nan,1,LeftWithPellet,Left,195,75,58,0,nan,nan,0.18
7/24/2025 18:31:22,1.17.0,FR1,40,3.94,nan,1,LeftWithPellet,Left,196,75,58,0,nan,nan,0.73
7/24/2025 18:31:24,1.17.0,FR1,40,3.95,nan,1,LeftWithPellet,Left,197,75,58,0,nan,nan,0.39
7/24/2025 18:31:26,1.17.0,FR1,40,3.94,nan,1,LeftWithPellet,Left,198,75,58,0,nan,nan,0.56
7/24/2025 18:32:09,1.17.0,FR1,40,3.95,1,1,Pellet,Left,198,75,59,0,Timed_out,2438,nan
7/24/2025 18:32:18,1.17.0,FR1,40,3.95,nan,1,Right,Left,198,76,59,0,nan,nan,0.16
7/24/2025 18:32:24,1.17.0,FR1,40,3.94,nan,1,Right,Left,198,77,59,0,nan,nan,0.12
7/24/2025 18:32:25,1.17.0,FR1,40,3.94,nan,1,Right,Left,198,78,59,0,nan,nan,0.51
7/24/2025 18:32:27,1.17.0,FR1,40,3.94,nan,1,Right,Left,198,79,59,0,nan,nan,0.57
7/24/2025 18:32:28,1.17.0,FR1,40,3.94,nan,1,Right,Left,198,80,59,0,nan,nan,0.32
7/24/2025 18:32:31,1.17.0,FR1,40,3.94,nan,1,Left,Left,199,80,59,0,nan,nan,0.28
7/24/2025 18:32:31,1.17.0,FR1,40,3.94,nan,1,LeftDuringDispense,Left,200,80,59,0,nan,nan,0.05
7/24/2025 18:32:31,1.17.0,FR1,40,3.95,nan,1,LeftDuringDispense,Left,201,80,59,0,nan,nan,0.15
7/24/2025 18:32:35,1.17.0,FR1,40,3.94,2,1,Pellet,Left,201,80,60,0,0.66,26,nan
7/24/2025 18:32:50,1.17.0,FR1,40,3.94,nan,1,Left,Left,202,80,60,0,nan,nan,0.67
7/24/2025 18:32:52,1.17.0,FR1,40,3.94,1,1,Pellet,Left,202,80,61,0,0.72,16,nan
7/24/2025 18:33:06,1.17.0,FR1,40,3.94,nan,1,Left,Left,203,80,61,0,nan,nan,0.68
7/24/2025 18:33:06,1.17.0,FR1,40,3.95,nan,1,LeftDuringDispense,Left,204,80,61,0,nan,nan,0.04
7/24/2025 18:33:10,1.17.0,FR1,40,3.94,2,1,Pellet,Left,204,80,62,0,0.72,19,nan
7/24/2025 18:33:32,1.17.0,FR1,40,3.94,nan,1,Left,Left,205,80,62,0,nan,nan,0.11
7/24/2025 18:33:33,1.17.0,FR1,40,3.94,nan,1,LeftDuringDispense,Left,206,80,62,0,nan,nan,0.01
7/24/2025 18:33:37,1.17.0,FR1,40,3.94,2,1,Pellet,Left,206,80,63,0,1.04,27,nan
7/24/2025 18:33:50,1.17.0,FR1,40,3.94,nan,1,Left,Left,207,80,63,0,nan,nan,0.58
7/24/2025 18:33:52,1.17.0,FR1,40,3.94,1,1,Pellet,Left,207,80,64,0,0.66,14,nan
7/24/2025 18:34:03,1.17.0,FR1,40,3.95,nan,1,Left,Left,208,80,64,0,nan,nan,0.03
7/24/2025 18:34:04,1.17.0,FR1,40,3.94,1,1,Pellet,Left,208,80,65,0,0.72,13,nan
7/24/2025 18:34:23,1.17.0,FR1,40,3.94,nan,1,Left,Left,209,80,65,0,nan,nan,0.15
7/24/2025 18:34:23,1.17.0,FR1,40,3.94,nan,1,LeftDuringDispense,Left,210,80,65,0,nan,nan,0.04
7/24/2025 18:34:27,1.17.0,FR1,40,3.94,2,1,Pellet,Left,210,80,66,0,1.23,23,nan
7/24/2025 18:34:45,1.17.0,FR1,40,3.95,nan,1,Left,Left,211,80,66,0,nan,nan,0.03
7/24/2025 18:34:46,1.17.0,FR1,40,3.94,1,1,Pellet,Left,211,80,67,0,1.04,19,nan
7/24/2025 18:34:56,1.17.0,FR1,40,3.94,nan,1,Left,Left,212,80,67,0,nan,nan,0.03
7/24/2025 18:34:58,1.17.0,FR1,40,3.94,1,1,Pellet,Left,212,80,68,0,0.98,12,nan
7/24/2025 18:35:15,1.17.0,FR1,40,3.94,nan,1,Left,Left,213,80,68,0,nan,nan,0.31
7/24/2025 18:35:15,1.17.0,FR1,40,3.94,nan,1,LeftDuringDispense,Left,214,80,68,0,nan,nan,0.01
7/24/2025 18:35:19,1.17.0,FR1,40,3.94,2,1,Pellet,Left,214,80,69,0,0.66,21,nan
7/24/2025 18:35:31,1.17.0,FR1,40,3.94,nan,1,Left,Left,215,80,69,0,nan,nan,1.11
7/24/2025 18:35:33,1.17.0,FR1,40,3.95,1,1,Pellet,Left,215,80,70,0,0.98,14,nan
7/24/2025 18:35:59,1.17.0,FR1,40,3.94,nan,1,Left,Left,216,80,70,0,nan,nan,0.21
7/24/2025 18:36:00,1.17.0,FR1,40,3.95,nan,1,LeftDuringDispense,Left,217,80,70,0,nan,nan,0.04
7/24/2025 18:36:03,1.17.0,FR1,40,3.94,2,1,Pellet,Left,217,80,71,0,0.72,30,nan
7/24/2025 18:36:15,1.17.0,FR1,40,3.94,nan,1,Left,Left,218,80,71,0,nan,nan,0.10
7/24/2025 18:36:17,1.17.0,FR1,40,3.94,1,1,Pellet,Left,218,80,72,0,1.35,14,nan
7/24/2025 18:36:32,1.17.0,FR1,40,3.94,nan,1,Left,Left,219,80,72,0,nan,nan,0.04
7/24/2025 18:36:32,1.17.0,FR1,40,3.94,nan,1,LeftDuringDispense,Left,220,80,72,0,nan,nan,0.09
7/24/2025 18:36:33,1.17.0,FR1,40,3.94,nan,1,LeftDuringDispense,Left,221,80,72,0,nan,nan,0.16
7/24/2025 18:36:39,1.17.0,FR1,40,3.94,nan,1,LeftWithPellet,Left,222,80,72,0,nan,nan,1.17
7/24/2025 18:44:12,1.17.0,FR1,40,3.94,nan,1,RightWithPellet,Left,222,81,72,0,nan,nan,1.26
7/24/2025 19:09:39,1.17.0,FR1,40,3.94,2,1,Pellet,Left,222,81,73,0,Timed_out,2002,nan
7/24/2025 19:09:49,1.17.0,FR1,40,3.94,nan,1,Left,Left,223,81,73,0,nan,nan,0.62
7/24/2025 19:09:49,1.17.0,FR1,40,3.94,nan,1,LeftDuringDispense,Left,224,81,73,0,nan,nan,0.34
7/24/2025 19:09:53,1.17.0,FR1,40,3.94,2,1,Pellet,Left,224,81,74,0,0.66,14,nan
7/24/2025 19:10:16,1.17.0,FR1,40,3.94,nan,1,Left,Left,225,81,74,0,nan,nan,0.77
7/24/2025 19:10:16,1.17.0,FR1,40,3.94,nan,1,LeftDuringDispense,Left,226,81,74,0,nan,nan,0.04
7/24/2025 19:10:19,1.17.0,FR1,40,3.94,2,1,Pellet,Left,226,81,75,0,0.66,26,nan
7/24/2025 19:10:36,1.17.0,FR1,40,3.94,nan,1,Left,Left,227,81,75,0,nan,nan,0.57
7/24/2025 19:10:38,1.17.0,FR1,40,3.94,1,1,Pellet,Left,227,81,76,0,0.91,19,nan
7/24/2025 19:11:01,1.17.0,FR1,40,3.94,nan,1,Left,Left,228,81,76,0,nan,nan,0.26
7/24/2025 19:11:02,1.17.0,FR1,40,3.94,nan,1,LeftDuringDispense,Left,229,81,76,0,nan,nan,0.09
7/24/2025 19:11:05,1.17.0,FR1,40,3.94,2,1,Pellet,Left,229,81,77,0,0.72,27,nan
7/24/2025 19:11:21,1.17.0,FR1,40,3.94,nan,1,Left,Left,230,81,77,0,nan,nan,0.16
7/24/2025 19:11:23,1.17.0,FR1,40,3.94,1,1,Pellet,Left,230,81,78,0,0.98,18,nan
7/24/2025 19:11:42,1.17.0,FR1,40,3.94,nan,1,Left,Left,231,81,78,0,nan,nan,0.77
7/24/2025 19:11:44,1.17.0,FR1,40,3.94,1,1,Pellet,Left,231,81,79,0,0.66,21,nan
7/24/2025 19:12:05,1.17.0,FR1,40,3.94,nan,1,Left,Left,232,81,79,0,nan,nan,0.75
7/24/2025 19:12:06,1.17.0,FR1,40,3.94,1,1,Pellet,Left,232,81,80,0,0.66,22,nan
7/24/2025 19:12:27,1.17.0,FR1,40,3.94,nan,1,Left,Left,233,81,80,0,nan,nan,1.26
7/24/2025 19:12:29,1.17.0,FR1,40,3.94,1,1,Pellet,Left,233,81,81,0,0.91,23,nan
7/24/2025 19:12:49,1.17.0,FR1,40,3.94,nan,1,Left,Left,234,81,81,0,nan,nan,0.54
7/24/2025 19:12:50,1.17.0,FR1,40,3.94,1,1,Pellet,Left,234,81,82,0,0.97,21,nan
7/24/2025 19:20:08,1.17.0,FR1,40,3.94,nan,1,Left,Left,235,81,82,0,nan,nan,0.18
7/24/2025 19:20:09,1.17.0,FR1,40,3.94,1,1,Pellet,Left,235,81,83,0,0.98,439,nan
7/24/2025 19:45:04,1.17.0,FR1,40,3.94,nan,1,Right,Left,235,82,83,0,nan,nan,0.18
7/24/2025 19:45:13,1.17.0,FR1,40,3.94,nan,1,Right,Left,235,83,83,0,nan,nan,0.23
7/24/2025 19:46:32,1.17.0,FR1,40,3.94,nan,1,Left,Left,236,83,83,0,nan,nan,0.19
7/24/2025 19:46:34,1.17.0,FR1,40,3.94,2,1,Pellet,Left,236,83,84,0,1.04,1584,nan
7/24/2025 19:46:57,1.17.0,FR1,40,3.94,nan,1,Left,Left,237,83,84,0,nan,nan,0.08
7/24/2025 19:46:57,1.17.0,FR1,40,3.94,nan,1,LeftDuringDispense,Left,238,83,84,0,nan,nan,0.01
7/24/2025 19:47:01,1.17.0,FR1,40,3.94,2,1,Pellet,Left,238,83,85,0,1.48,28,nan
7/24/2025 19:47:18,1.17.0,FR1,40,3.94,nan,1,Left,Left,239,83,85,0,nan,nan,0.13
7/24/2025 19:49:20,1.17.0,FR1,40,3.94,nan,1,LeftWithPellet,Left,240,83,85,0,nan,nan,0.31
7/24/2025 19:49:27,1.17.0,FR1,40,3.94,nan,1,LeftWithPellet,Left,241,83,85,0,nan,nan,0.36
7/24/2025 19:49:50,1.17.0,FR1,40,3.94,nan,1,RightWithPellet,Left,241,84,85,0,nan,nan,0.66
7/24/2025 19:49:51,1.17.0,FR1,40,3.94,nan,1,RightWithPellet,Left,241,85,85,0,nan,nan,0.41
7/24/2025 19:49:53,1.17.0,FR1,40,3.94,nan,1,RightWithPellet,Left,241,86,85,0,nan,nan,0.51
7/24/2025 20:03:40,1.17.0,FR1,40,3.94,1,1,Pellet,Left,241,86,86,0,Timed_out,999,nan
7/24/2025 20:04:10,1.17.0,FR1,40,3.94,nan,1,Left,Left,242,86,86,0,nan,nan,0.22
7/24/2025 20:04:12,1.17.0,FR1,40,3.94,1,1,Pellet,Left,242,86,87,0,0.85,32,nan
7/24/2025 20:04:31,1.17.0,FR1,40,3.94,nan,1,Left,Left,243,86,87,0,nan,nan,0.00
7/24/2025 20:04:32,1.17.0,FR1,40,3.94,1,1,Pellet,Left,243,86,88,0,0.66,20,nan
7/24/2025 20:04:53,1.17.0,FR1,40,3.94,nan,1,Left,Left,244,86,88,0,nan,nan,0.41
7/24/2025 20:04:56,1.17.0,FR1,40,3.94,2,1,Pellet,Left,244,86,89,0,0.66,24,nan
7/24/2025 20:05:18,1.17.0,FR1,40,3.94,nan,1,Left,Left,245,86,89,0,nan,nan,0.51
7/24/2025 20:05:19,1.17.0,FR1,40,3.94,1,1,Pellet,Left,245,86,90,0,0.66,23,nan
7/24/2025 20:05:38,1.17.0,FR1,40,3.94,nan,1,Left,Left,246,86,90,0,nan,nan,0.05
7/24/2025 20:05:39,1.17.0,FR1,40,3.94,nan,1,LeftDuringDispense,Left,247,86,90,0,nan,nan,0.05
7/24/2025 20:05:39,1.17.0,FR1,40,3.94,nan,1,LeftDuringDispense,Left,248,86,90,0,nan,nan,0.07
7/24/2025 20:05:43,1.17.0,FR1,40,3.94,2,1,Pellet,Left,248,86,91,0,0.66,24,nan
7/24/2025 20:06:08,1.17.0,FR1,40,3.94,nan,1,Left,Left,249,86,91,0,nan,nan,0.52
7/24/2025 20:19:31,1.17.0,FR1,40,3.94,nan,1,RightWithPellet,Left,249,87,91,0,nan,nan,0.07
7/24/2025 20:19:32,1.17.0,FR1,40,3.94,nan,1,RightWithPellet,Left,249,88,91,0,nan,nan,0.13
7/24/2025 20:19:34,1.17.0,FR1,40,3.94,nan,1,RightWithPellet,Left,249,89,91,0,nan,nan,0.92
7/24/2025 20:19:38,1.17.0,FR1,40,3.94,nan,1,RightWithPellet,Left,249,90,91,0,nan,nan,1.97
7/24/2025 20:19:40,1.17.0,FR1,40,3.94,nan,1,RightWithPellet,Left,249,91,91,0,nan,nan,0.29
7/24/2025 20:19:42,1.17.0,FR1,40,3.94,nan,1,RightWithPellet,Left,249,92,91,0,nan,nan,0.25
7/24/2025 20:19:48,1.17.0,FR1,40,3.94,nan,1,RightWithPellet,Left,249,93,91,0,nan,nan,0.16
7/24/2025 20:19:51,1.17.0,FR1,40,3.94,nan,1,RightWithPellet,Left,249,94,91,0,nan,nan,0.17
7/24/2025 20:27:44,1.17.0,FR1,40,3.94,nan,1,LeftWithPellet,Left,250,94,91,0,nan,nan,0.36
7/24/2025 20:27:46,1.17.0,FR1,40,3.94,nan,1,LeftWithPellet,Left,251,94,91,0,nan,nan,1.39
7/24/2025 20:27:49,1.17.0,FR1,40,3.94,nan,1,LeftWithPellet,Left,252,94,91,0,nan,nan,2.19
7/24/2025 20:27:51,1.17.0,FR1,40,3.94,nan,1,LeftWithPellet,Left,253,94,91,0,nan,nan,0.24
7/24/2025 20:47:08,1.17.0,FR1,40,3.94,nan,1,LeftWithPellet,Left,254,94,91,0,nan,nan,0.26
7/24/2025 20:47:10,1.17.0,FR1,40,3.94,nan,1,LeftWithPellet,Left,255,94,91,0,nan,nan,0.58
7/24/2025 20:47:13,1.17.0,FR1,40,3.94,nan,1,LeftWithPellet,Left,256,94,91,0,nan,nan,0.65
7/24/2025 20:47:18,1.17.0,FR1,40,3.94,nan,1,LeftWithPellet,Left,257,94,91,0,nan,nan,0.71
7/24/2025 20:47:22,1.17.0,FR1,40,3.94,nan,1,LeftWithPellet,Left,258,94,91,0,nan,nan,0.18
7/24/2025 20:47:26,1.17.0,FR1,40,3.94,nan,1,RightWithPellet,Left,258,95,91,0,nan,nan,0.11
7/24/2025 20:47:28,1.17.0,FR1,40,3.94,nan,1,RightWithPellet,Left,258,96,91,0,nan,nan,0.35
7/24/2025 20:51:47,1.17.0,FR1,40,3.94,nan,1,LeftWithPellet,Left,259,96,91,0,nan,nan,0.19
7/24/2025 20:55:56,1.17.0,FR1,40,3.94,nan,1,RightWithPellet,Left,259,97,91,0,nan,nan,0.55
7/24/2025 20:55:59,1.17.0,FR1,40,3.94,nan,1,RightWithPellet,Left,259,98,91,0,nan,nan,0.46
7/24/2025 20:56:01,1.17.0,FR1,40,3.94,nan,1,RightWithPellet,Left,259,99,91,0,nan,nan,0.67
7/24/2025 20:56:02,1.17.0,FR1,40,3.94,nan,1,RightWithPellet,Left,259,100,91,0,nan,nan,0.65
7/24/2025 20:56:04,1.17.0,FR1,40,3.94,nan,1,RightWithPellet,Left,259,101,91,0,nan,nan,0.12
7/24/2025 20:56:07,1.17.0,FR1,40,3.94,nan,1,LeftWithPellet,Left,260,101,91,0,nan,nan,0.25
7/24/2025 20:58:54,1.17.0,FR1,40,3.94,nan,1,LeftWithPellet,Left,261,101,91,0,nan,nan,0.04
7/24/2025 21:01:27,1.17.0,FR1,40,3.94,nan,1,LeftWithPellet,Left,262,101,91,0,nan,nan,0.92
7/24/2025 21:01:29,1.17.0,FR1,40,3.94,nan,1,LeftWithPellet,Left,263,101,91,0,nan,nan,0.60
7/24/2025 21:01:33,1.17.0,FR1,40,3.94,nan,1,LeftWithPellet,Left,264,101,91,0,nan,nan,0.43
7/24/2025 21:01:35,1.17.0,FR1,40,3.94,nan,1,LeftWithPellet,Left,265,101,91,0,nan,nan,0.08
7/24/2025 21:01:36,1.17.0,FR1,40,3.94,nan,1,LeftWithPellet,Left,266,101,91,0,nan,nan,0.03
7/24/2025 21:02:24,1.17.0,FR1,40,3.94,nan,1,RightWithPellet,Left,266,102,91,0,nan,nan,0.35
7/24/2025 21:02:26,1.17.0,FR1,40,3.94,nan,1,RightWithPellet,Left,266,103,91,0,nan,nan,0.04
7/24/2025 21:02:28,1.17.0,FR1,40,3.94,nan,1,RightWithPellet,Left,266,104,91,0,nan,nan,0.54
7/24/2025 21:02:42,1.17.0,FR1,40,3.94,nan,1,LeftWithPellet,Left,267,104,91,0,nan,nan,0.26
7/24/2025 21:02:44,1.17.0,FR1,40,3.94,nan,1,LeftWithPellet,Left,268,104,91,0,nan,nan,0.21
7/24/2025 21:03:17,1.17.0,FR1,40,3.94,nan,1,LeftWithPellet,Left,269,104,91,0,nan,nan,0.02
7/24/2025 21:03:19,1.17.0,FR1,40,3.94,nan,1,LeftWithPellet,Left,270,104,91,0,nan,nan,0.32
7/24/2025 21:03:20,1.17.0,FR1,40,3.94,nan,1,LeftWithPellet,Left,271,104,91,0,nan,nan,0.55
7/24/2025 21:03:22,1.17.0,FR1,40,3.94,nan,1,LeftWithPellet,Left,272,104,91,0,nan,nan,0.33
7/24/2025 21:03:23,1.17.0,FR1,40,3.94,nan,1,LeftWithPellet,Left,273,104,91,0,nan,nan,0.30
7/24/2025 21:03:25,1.17.0,FR1,40,3.94,nan,1,LeftWithPellet,Left,274,104,91,0,nan,nan,0.18
7/24/2025 21:03:27,1.17.0,FR1,40,3.94,2,1,Pellet,Left,274,104,92,0,Timed_out,3464,nan
7/24/2025 21:04:04,1.17.0,FR1,40,3.94,nan,1,Left,Left,275,104,92,0,nan,nan,0.00
7/24/2025 21:04:17,1.17.0,FR1,40,3.94,1,1,Pellet,Left,275,104,93,0,12.34,50,nan
7/24/2025 21:05:19,1.17.0,FR1,40,3.94,nan,1,Left,Left,276,104,93,0,nan,nan,0.10
7/24/2025 21:05:20,1.17.0,FR1,40,3.94,1,1,Pellet,Left,276,104,94,0,0.66,63,nan
7/24/2025 21:05:39,1.17.0,FR1,40,3.94,nan,1,Left,Left,277,104,94,0,nan,nan,0.26
7/24/2025 21:05:41,1.17.0,FR1,40,3.94,1,1,Pellet,Left,277,104,95,0,0.66,21,nan
7/24/2025 21:06:03,1.17.0,FR1,40,3.94,nan,1,Left,Left,278,104,95,0,nan,nan,0.04
7/24/2025 21:06:03,1.17.0,FR1,40,3.94,nan,1,LeftDuringDispense,Left,279,104,95,0,nan,nan,0.02
7/24/2025 21:06:07,1.17.0,FR1,40,3.94,2,1,Pellet,Left,279,104,96,0,0.66,26,nan
7/24/2025 21:06:25,1.17.0,FR1,40,3.94,nan,1,Left,Left,280,104,96,0,nan,nan,0.00
7/24/2025 21:06:26,1.17.0,FR1,40,3.94,1,1,Pellet,Left,280,104,97,0,0.66,19,nan
7/24/2025 21:06:44,1.17.0,FR1,40,3.94,nan,1,Left,Left,281,104,97,0,nan,nan,0.82
7/24/2025 21:06:45,1.17.0,FR1,40,3.94,1,1,Pellet,Left,281,104,98,0,0.66,19,nan
7/24/2025 21:07:01,1.17.0,FR1,40,3.94,nan,1,Left,Left,282,104,98,0,nan,nan,0.15
7/24/2025 21:07:02,1.17.0,FR1,40,3.94,1,1,Pellet,Left,282,104,99,0,0.66,17,nan
7/24/2025 21:14:32,1.17.0,FR1,40,3.94,nan,1,Left,Left,283,104,99,0,nan,nan,0.17
7/24/2025 21:14:34,1.17.0,FR1,40,3.94,1,1,Pellet,Left,283,104,100,0,1.16,452,nan
7/24/2025 21:15:49,1.17.0,FR1,40,3.94,nan,1,Right,Left,283,105,100,0,nan,nan,0.44
7/24/2025 21:15:51,1.17.0,FR1,40,3.94,nan,1,Right,Left,283,106,100,0,nan,nan,0.04
7/24/2025 21:20:16,1.17.0,FR1,40,3.94,nan,1,Right,Left,283,107,100,0,nan,nan,0.00
7/24/2025 21:20:20,1.17.0,FR1,40,3.94,nan,1,Left,Left,284,107,100,0,nan,nan,0.02
7/24/2025 21:20:21,1.17.0,FR1,40,3.94,1,1,Pellet,Left,284,107,101,0,0.97,347,nan
7/24/2025 21:20:45,1.17.0,FR1,40,3.94,nan,1,Left,Left,285,107,101,0,nan,nan,0.45
7/24/2025 21:20:47,1.17.0,FR1,40,3.94,1,1,Pellet,Left,285,107,102,0,0.85,26,nan
7/24/2025 21:21:04,1.17.0,FR1,40,3.94,nan,1,Left,Left,286,107,102,0,nan,nan,0.39
7/24/2025 21:21:05,1.17.0,FR1,40,3.94,1,1,Pellet,Left,286,107,103,0,0.66,18,nan
7/24/2025 21:21:24,1.17.0,FR1,40,3.94,nan,1,Left,Left,287,107,103,0,nan,nan,0.08
7/24/2025 21:21:25,1.17.0,FR1,40,3.94,1,1,Pellet,Left,287,107,104,0,0.91,20,nan
7/24/2025 21:21:44,1.17.0,FR1,40,3.94,nan,1,Left,Left,288,107,104,0,nan,nan,0.21
7/24/2025 21:24:28,1.17.0,FR1,40,3.94,1,1,Pellet,Left,288,107,105,0,Timed_out,183,nan
7/24/2025 21:27:02,1.17.0,FR1,40,3.94,nan,1,Right,Left,288,108,105,0,nan,nan,0.09
7/24/2025 21:43:29,1.17.0,FR1,40,3.94,nan,1,Left,Left,289,108,105,0,nan,nan,0.32
7/24/2025 21:43:31,1.17.0,FR1,40,3.94,1,1,Pellet,Left,289,108,106,0,1.10,1143,nan
7/24/2025 21:43:49,1.17.0,FR1,40,3.94,nan,1,Left,Left,290,108,106,0,nan,nan,0.04
7/24/2025 21:43:50,1.17.0,FR1,40,3.94,1,1,Pellet,Left,290,108,107,0,0.66,19,nan
7/24/2025 21:44:03,1.17.0,FR1,40,3.94,nan,1,Left,Left,291,108,107,0,nan,nan,0.07
7/24/2025 21:44:05,1.17.0,FR1,40,3.94,1,1,Pellet,Left,291,108,108,0,0.98,15,nan
7/24/2025 21:44:21,1.17.0,FR1,40,3.94,nan,1,Left,Left,292,108,108,0,nan,nan,0.09
7/24/2025 21:44:22,1.17.0,FR1,40,3.94,nan,1,LeftDuringDispense,Left,293,108,108,0,nan,nan,0.03
7/24/2025 21:44:25,1.17.0,FR1,40,3.94,2,1,Pellet,Left,293,108,109,0,0.66,20,nan
7/24/2025 21:44:41,1.17.0,FR1,40,3.94,nan,1,Left,Left,294,108,109,0,nan,nan,0.23
7/24/2025 21:44:43,1.17.0,FR1,40,3.94,1,1,Pellet,Left,294,108,110,0,0.66,18,nan
7/24/2025 21:45:02,1.17.0,FR1,40,3.94,nan,1,Left,Left,295,108,110,0,nan,nan,0.21
7/24/2025 21:45:04,1.17.0,FR1,40,3.94,1,1,Pellet,Left,295,108,111,0,0.72,21,nan
7/24/2025 23:01:02,1.17.0,FR1,40,3.94,nan,1,Left,Left,296,108,111,0,nan,nan,0.04
7/24/2025 23:01:02,1.17.0,FR1,40,3.94,nan,1,LeftDuringDispense,Left,297,108,111,0,nan,nan,0.05
7/24/2025 23:01:06,1.17.0,FR1,40,3.93,2,1,Pellet,Left,297,108,112,0,1.10,4562,nan
7/24/2025 23:01:23,1.17.0,FR1,40,3.94,nan,1,Left,Left,298,108,112,0,nan,nan,0.27
7/24/2025 23:01:23,1.17.0,FR1,40,3.93,nan,1,LeftDuringDispense,Left,299,108,112,0,nan,nan,0.08
7/24/2025 23:01:24,1.17.0,FR1,40,3.94,nan,1,LeftDuringDispense,Left,300,108,112,0,nan,nan,0.40
7/24/2025 23:01:27,1.17.0,FR1,40,3.94,2,1,Pellet,Left,300,108,113,0,0.79,21,nan
7/24/2025 23:01:41,1.17.0,FR1,40,3.94,nan,1,Left,Left,301,108,113,0,nan,nan,0.10
7/24/2025 23:01:42,1.17.0,FR1,40,3.94,1,1,Pellet,Left,301,108,114,0,0.66,15,nan
7/24/2025 23:02:04,1.17.0,FR1,40,3.94,nan,1,Left,Left,302,108,114,0,nan,nan,0.02
7/24/2025 23:02:04,1.17.0,FR1,40,3.93,nan,1,LeftDuringDispense,Left,303,108,114,0,nan,nan,0.04
7/24/2025 23:02:08,1.17.0,FR1,40,3.94,2,1,Pellet,Left,303,108,115,0,0.98,26,nan
7/24/2025 23:02:36,1.17.0,FR1,40,3.93,nan,1,Left,Left,304,108,115,0,nan,nan,0.29
7/24/2025 23:02:38,1.17.0,FR1,40,3.93,1,1,Pellet,Left,304,108,116,0,1.35,30,nan
7/24/2025 23:02:56,1.17.0,FR1,40,3.93,nan,1,Left,Left,305,108,116,0,nan,nan,0.23
7/24/2025 23:02:57,1.17.0,FR1,40,3.93,1,1,Pellet,Left,305,108,117,0,0.66,19,nan
7/24/2025 23:03:13,1.17.0,FR1,40,3.93,nan,1,Left,Left,306,108,117,0,nan,nan,0.57
7/24/2025 23:03:14,1.17.0,FR1,40,3.93,1,1,Pellet,Left,306,108,118,0,0.66,17,nan
7/24/2025 23:03:35,1.17.0,FR1,40,3.94,nan,1,Left,Left,307,108,118,0,nan,nan,0.16
7/24/2025 23:03:35,1.17.0,FR1,40,3.93,nan,1,LeftDuringDispense,Left,308,108,118,0,nan,nan,0.04
7/24/2025 23:03:39,1.17.0,FR1,40,3.94,3,1,Pellet,Left,308,108,119,0,0.91,25,nan
7/24/2025 23:03:56,1.17.0,FR1,40,3.94,nan,1,Left,Left,309,108,119,0,nan,nan,0.06
7/24/2025 23:03:56,1.17.0,FR1,40,3.94,nan,1,LeftDuringDispense,Left,310,108,119,0,nan,nan,0.09
7/24/2025 23:04:00,1.17.0,FR1,40,3.94,2,1,Pellet,Left,310,108,120,0,0.66,21,nan
7/24/2025 23:04:16,1.17.0,FR1,40,3.93,nan,1,Left,Left,311,108,120,0,nan,nan,0.11
7/24/2025 23:04:17,1.17.0,FR1,40,3.94,1,1,Pellet,Left,311,108,121,0,0.66,17,nan
7/24/2025 23:04:42,1.17.0,FR1,40,3.93,nan,1,Left,Left,312,108,121,0,nan,nan,0.08
7/24/2025 23:04:43,1.17.0,FR1,40,3.94,nan,1,LeftDuringDispense,Left,313,108,121,0,nan,nan,0.30
7/24/2025 23:04:46,1.17.0,FR1,40,3.94,2,1,Pellet,Left,313,108,122,0,0.66,29,nan
7/24/2025 23:04:59,1.17.0,FR1,40,3.93,nan,1,Left,Left,314,108,122,0,nan,nan,0.06
7/24/2025 23:05:00,1.17.0,FR1,40,3.93,nan,1,LeftDuringDispense,Left,315,108,122,0,nan,nan,0.01
7/24/2025 23:05:03,1.17.0,FR1,40,3.94,2,1,Pellet,Left,315,108,123,0,0.85,17,nan
7/24/2025 23:05:24,1.17.0,FR1,40,3.94,nan,1,Left,Left,316,108,123,0,nan,nan,0.02
7/24/2025 23:05:24,1.17.0,FR1,40,3.94,nan,1,LeftDuringDispense,Left,317,108,123,0,nan,nan,0.11
7/24/2025 23:05:28,1.17.0,FR1,40,3.94,2,1,Pellet,Left,317,108,124,0,0.66,25,nan
7/24/2025 23:05:46,1.17.0,FR1,40,3.94,nan,1,Left,Left,318,108,124,0,nan,nan,0.00
7/24/2025 23:05:46,1.17.0,FR1,40,3.93,nan,1,LeftDuringDispense,Left,319,108,124,0,nan,nan,0.08
7/24/2025 23:05:47,1.17.0,FR1,40,3.93,nan,1,LeftDuringDispense,Left,320,108,124,0,nan,nan,0.06
7/24/2025 23:05:50,1.17.0,FR1,40,3.94,2,1,Pellet,Left,320,108,125,0,0.66,22,nan
7/24/2025 23:30:11,1.17.0,FR1,40,3.93,nan,1,Left,Left,321,108,125,0,nan,nan,0.27
7/24/2025 23:30:33,1.17.0,FR1,40,3.93,1,1,Pellet,Left,321,108,126,0,21.06,1483,nan
7/24/2025 23:56:01,1.17.0,FR1,40,3.94,nan,1,Left,Left,322,108,126,0,nan,nan,0.61
7/24/2025 23:56:03,1.17.0,FR1,40,3.93,1,1,Pellet,Left,322,108,127,0,0.72,1530,nan
7/24/2025 23:56:21,1.17.0,FR1,40,3.93,nan,1,Left,Left,323,108,127,0,nan,nan,0.07
7/24/2025 23:56:23,1.17.0,FR1,40,3.94,1,1,Pellet,Left,323,108,128,0,0.66,20,nan
7/24/2025 23:56:45,1.17.0,FR1,40,3.93,nan,1,Left,Left,324,108,128,0,nan,nan,0.05
7/24/2025 23:56:46,1.17.0,FR1,40,3.93,1,1,Pellet,Left,324,108,129,0,0.66,23,nan
7/24/2025 23:57:09,1.17.0,FR1,40,3.93,nan,1,Left,Left,325,108,129,0,nan,nan,0.04
7/24/2025 23:57:10,1.17.0,FR1,40,3.93,1,1,Pellet,Left,325,108,130,0,0.66,24,nan
7/24/2025 23:57:31,1.17.0,FR1,40,3.93,nan,1,Left,Left,326,108,130,0,nan,nan,0.03
7/24/2025 23:57:32,1.17.0,FR1,40,3.94,1,1,Pellet,Left,326,108,131,0,0.66,22,nan
7/25/2025 0:25:25,1.17.0,FR1,40,3.94,nan,1,Left,Left,327,108,131,0,nan,nan,0.17
7/25/2025 0:25:26,1.17.0,FR1,40,3.94,nan,1,LeftDuringDispense,Left,328,108,131,0,nan,nan,0.04
7/25/2025 0:25:30,1.17.0,FR1,40,3.93,2,1,Pellet,Left,328,108,132,0,1.04,1678,nan
7/25/2025 0:25:58,1.17.0,FR1,40,3.93,nan,1,Left,Left,329,108,132,0,nan,nan,0.04
7/25/2025 0:26:00,1.17.0,FR1,40,3.93,1,1,Pellet,Left,329,108,133,0,0.85,30,nan
7/25/2025 0:26:23,1.17.0,FR1,40,3.93,nan,1,Left,Left,330,108,133,0,nan,nan,0.31
7/25/2025 0:26:25,1.17.0,FR1,40,3.93,1,1,Pellet,Left,330,108,134,0,1.23,25,nan
7/25/2025 0:59:14,1.17.0,FR1,40,3.93,nan,1,Left,Left,331,108,134,0,nan,nan,0.14
7/25/2025 0:59:56,1.17.0,FR1,40,3.93,1,1,Pellet,Left,331,108,135,0,40.88,2011,nan
7/25/2025 1:00:42,1.17.0,FR1,40,3.93,nan,1,Left,Left,332,108,135,0,nan,nan,0.82
7/25/2025 1:00:45,1.17.0,FR1,40,3.93,nan,1,RightWithPellet,Left,332,109,135,0,nan,nan,0.27
7/25/2025 1:12:00,1.17.0,FR1,40,3.93,nan,1,LeftWithPellet,Left,333,109,135,0,nan,nan,0.66
7/25/2025 1:12:02,1.17.0,FR1,40,3.93,nan,1,LeftWithPellet,Left,334,109,135,0,nan,nan,0.37
7/25/2025 1:13:29,1.17.0,FR1,40,3.93,nan,1,RightWithPellet,Left,334,110,135,0,nan,nan,0.25
7/25/2025 1:13:39,1.17.0,FR1,40,3.93,1,1,Pellet,Left,334,110,136,0,Timed_out,823,nan
7/25/2025 1:14:07,1.17.0,FR1,40,3.93,nan,1,Left,Left,335,110,136,0,nan,nan,0.05
7/25/2025 1:14:09,1.17.0,FR1,40,3.93,1,1,Pellet,Left,335,110,137,0,1.67,30,nan
7/25/2025 1:14:28,1.17.0,FR1,40,3.93,nan,1,Left,Left,336,110,137,0,nan,nan,0.31
7/25/2025 1:14:30,1.17.0,FR1,40,3.93,1,1,Pellet,Left,336,110,138,0,0.66,21,nan
7/25/2025 1:14:45,1.17.0,FR1,40,3.93,nan,1,Left,Left,337,110,138,0,nan,nan,0.14
7/25/2025 1:14:47,1.17.0,FR1,40,3.93,1,1,Pellet,Left,337,110,139,0,0.66,17,nan
7/25/2025 1:15:05,1.17.0,FR1,40,3.93,nan,1,Left,Left,338,110,139,0,nan,nan,0.32
7/25/2025 1:17:43,1.17.0,FR1,40,3.93,nan,1,LeftWithPellet,Left,339,110,139,0,nan,nan,0.06
7/25/2025 1:21:29,1.17.0,FR1,40,3.93,nan,1,RightWithPellet,Left,339,111,139,0,nan,nan,0.62
7/25/2025 1:21:30,1.17.0,FR1,40,3.93,nan,1,RightWithPellet,Left,339,112,139,0,nan,nan,0.07
7/25/2025 1:21:33,1.17.0,FR1,40,3.93,nan,1,RightWithPellet,Left,339,113,139,0,nan,nan,0.61
7/25/2025 1:30:50,1.17.0,FR1,40,3.93,nan,1,LeftWithPellet,Left,340,113,139,0,nan,nan,0.31
7/25/2025 1:30:56,1.17.0,FR1,40,3.93,nan,1,LeftWithPellet,Left,341,113,139,0,nan,nan,0.59
7/25/2025 1:30:58,1.17.0,FR1,40,3.93,nan,1,LeftWithPellet,Left,342,113,139,0,nan,nan,0.49
7/25/2025 1:31:32,1.17.0,FR1,40,3.93,nan,1,LeftWithPellet,Left,343,113,139,0,nan,nan,0.17
7/25/2025 1:32:18,1.17.0,FR1,40,3.93,nan,1,LeftWithPellet,Left,344,113,139,0,nan,nan,0.44
7/25/2025 1:36:21,1.17.0,FR1,40,3.93,nan,1,LeftWithPellet,Left,345,113,139,0,nan,nan,0.33
7/25/2025 1:40:39,1.17.0,FR1,40,3.93,nan,1,LeftWithPellet,Left,346,113,139,0,nan,nan,0.29
7/25/2025 1:40:41,1.17.0,FR1,40,3.93,nan,1,LeftWithPellet,Left,347,113,139,0,nan,nan,0.14
7/25/2025 1:40:44,1.17.0,FR1,40,3.93,nan,1,LeftWithPellet,Left,348,113,139,0,nan,nan,0.25
7/25/2025 1:44:46,1.17.0,FR1,40,3.93,nan,1,RightWithPellet,Left,348,114,139,0,nan,nan,0.37
7/25/2025 1:44:59,1.17.0,FR1,40,3.93,nan,1,RightWithPellet,Left,348,115,139,0,nan,nan,0.09
7/25/2025 1:49:07,1.17.0,FR1,40,3.93,nan,1,LeftWithPellet,Left,349,115,139,0,nan,nan,0.10
7/25/2025 1:53:59,1.17.0,FR1,40,3.93,nan,1,LeftWithPellet,Left,350,115,139,0,nan,nan,0.19
7/25/2025 2:38:22,1.17.0,FR1,40,3.92,nan,1,LeftWithPellet,Left,351,115,139,0,nan,nan,0.45
7/25/2025 2:38:24,1.17.0,FR1,40,3.93,nan,1,LeftWithPellet,Left,352,115,139,0,nan,nan,0.55
7/25/2025 2:39:05,1.17.0,FR1,40,3.93,nan,1,LeftWithPellet,Left,353,115,139,0,nan,nan,0.02
7/25/2025 2:39:08,1.17.0,FR1,40,3.93,nan,1,RightWithPellet,Left,353,116,139,0,nan,nan,0.07
7/25/2025 2:39:08,1.17.0,FR1,40,3.93,nan,1,RightWithPellet,Left,353,117,139,0,nan,nan,0.01
7/25/2025 2:39:10,1.17.0,FR1,40,3.93,nan,1,RightWithPellet,Left,353,118,139,0,nan,nan,0.41
7/25/2025 2:50:20,1.17.0,FR1,40,3.93,nan,1,LeftWithPellet,Left,354,118,139,0,nan,nan,0.06
7/25/2025 2:50:23,1.17.0,FR1,40,3.93,nan,1,LeftWithPellet,Left,355,118,139,0,nan,nan,0.14
7/25/2025 2:50:25,1.17.0,FR1,40,3.93,nan,1,LeftWithPellet,Left,356,118,139,0,nan,nan,1.28
7/25/2025 2:50:27,1.17.0,FR1,40,3.93,1,1,Pellet,Left,356,118,140,0,Timed_out,5740,nan
7/25/2025 2:50:52,1.17.0,FR1,40,3.93,nan,1,Left,Left,357,118,140,0,nan,nan,0.00
7/25/2025 2:50:52,1.17.0,FR1,40,3.93,nan,1,LeftDuringDispense,Left,358,118,140,0,nan,nan,0.01
7/25/2025 2:50:55,1.17.0,FR1,40,3.93,2,1,Pellet,Left,358,118,141,0,0.66,28,nan
7/25/2025 2:51:14,1.17.0,FR1,40,3.93,nan,1,Left,Left,359,118,141,0,nan,nan,0.39
7/25/2025 2:51:16,1.17.0,FR1,40,3.93,1,1,Pellet,Left,359,118,142,0,0.66,21,nan
7/25/2025 2:51:39,1.17.0,FR1,40,3.93,nan,1,Left,Left,360,118,142,0,nan,nan,0.12
7/25/2025 2:51:41,1.17.0,FR1,40,3.93,1,1,Pellet,Left,360,118,143,0,0.66,25,nan
7/25/2025 2:52:16,1.17.0,FR1,40,3.93,nan,1,Left,Left,361,118,143,0,nan,nan,0.46
7/25/2025 2:52:18,1.17.0,FR1,40,3.93,1,1,Pellet,Left,361,118,144,0,0.91,37,nan
7/25/2025 2:52:41,1.17.0,FR1,40,3.93,nan,1,Left,Left,362,118,144,0,nan,nan,0.02
7/25/2025 2:52:42,1.17.0,FR1,40,3.93,1,1,Pellet,Left,362,118,145,0,0.66,24,nan
7/25/2025 2:53:06,1.17.0,FR1,40,3.93,nan,1,Left,Left,363,118,145,0,nan,nan,0.13
7/25/2025 2:53:07,1.17.0,FR1,40,3.93,1,1,Pellet,Left,363,118,146,0,0.66,25,nan
7/25/2025 2:53:26,1.17.0,FR1,40,3.93,nan,1,Left,Left,364,118,146,0,nan,nan,0.48
7/25/2025 2:53:28,1.17.0,FR1,40,3.93,1,1,Pellet,Left,364,118,147,0,0.66,20,nan
7/25/2025 2:53:47,1.17.0,FR1,40,3.93,nan,1,Left,Left,365,118,147,0,nan,nan,0.06
7/25/2025 2:53:49,1.17.0,FR1,40,3.93,1,1,Pellet,Left,365,118,148,0,0.66,22,nan
7/25/2025 2:54:17,1.17.0,FR1,40,3.93,nan,1,Left,Left,366,118,148,0,nan,nan,0.56
7/25/2025 2:54:17,1.17.0,FR1,40,3.93,nan,1,LeftDuringDispense,Left,367,118,148,0,nan,nan,0.05
7/25/2025 2:54:21,1.17.0,FR1,40,3.93,2,1,Pellet,Left,367,118,149,0,0.79,32,nan
7/25/2025 2:54:43,1.17.0,FR1,40,3.93,nan,1,Left,Left,368,118,149,0,nan,nan,0.32
7/25/2025 2:54:43,1.17.0,FR1,40,3.93,nan,1,LeftDuringDispense,Left,369,118,149,0,nan,nan,0.04
7/25/2025 2:54:47,1.17.0,FR1,40,3.93,2,1,Pellet,Left,369,118,150,0,0.98,26,nan
7/25/2025 2:55:05,1.17.0,FR1,40,3.93,nan,1,Left,Left,370,118,150,0,nan,nan,0.08
7/25/2025 2:55:08,1.17.0,FR1,40,3.93,1,1,Pellet,Left,370,118,151,0,2.50,21,nan
7/25/2025 2:55:30,1.17.0,FR1,40,3.93,nan,1,Left,Left,371,118,151,0,nan,nan,0.25
7/25/2025 2:55:31,1.17.0,FR1,40,3.93,nan,1,LeftDuringDispense,Left,372,118,151,0,nan,nan,0.03
7/25/2025 2:55:34,1.17.0,FR1,40,3.93,2,1,Pellet,Left,372,118,152,0,0.66,26,nan
7/25/2025 2:55:56,1.17.0,FR1,40,3.93,nan,1,Left,Left,373,118,152,0,nan,nan,0.34
7/25/2025 2:55:58,1.17.0,FR1,40,3.93,1,1,Pellet,Left,373,118,153,0,0.66,24,nan
7/25/2025 2:56:15,1.17.0,FR1,40,3.93,nan,1,Left,Left,374,118,153,0,nan,nan,0.79
7/25/2025 2:56:17,1.17.0,FR1,40,3.93,1,1,Pellet,Left,374,118,154,0,0.72,19,nan
7/25/2025 2:56:37,1.17.0,FR1,40,3.93,nan,1,Left,Left,375,118,154,0,nan,nan,0.09
7/25/2025 2:56:39,1.17.0,FR1,40,3.93,1,1,Pellet,Left,375,118,155,0,0.79,22,nan
7/25/2025 2:57:07,1.17.0,FR1,40,3.93,nan,1,Left,Left,376,118,155,0,nan,nan,0.50
7/25/2025 2:57:08,1.17.0,FR1,40,3.93,1,1,Pellet,Left,376,118,156,0,0.66,29,nan
7/25/2025 2:57:34,1.17.0,FR1,40,3.93,nan,1,Left,Left,377,118,156,0,nan,nan,0.54
7/25/2025 2:57:35,1.17.0,FR1,40,3.92,nan,1,LeftDuringDispense,Left,378,118,156,0,nan,nan,0.32
7/25/2025 2:57:38,1.17.0,FR1,40,3.93,2,1,Pellet,Left,378,118,157,0,0.66,30,nan
7/25/2025 2:57:58,1.17.0,FR1,40,3.93,nan,1,Left,Left,379,118,157,0,nan,nan,0.32
7/25/2025 2:57:59,1.17.0,FR1,40,3.93,1,1,Pellet,Left,379,118,158,0,0.66,21,nan
7/25/2025 3:04:57,1.17.0,FR1,40,3.93,nan,1,Left,Left,380,118,158,0,nan,nan,0.07
7/25/2025 3:05:00,1.17.0,FR1,40,3.93,1,1,Pellet,Left,380,118,159,0,2.18,421,nan
7/25/2025 3:05:23,1.17.0,FR1,40,3.93,nan,1,Left,Left,381,118,159,0,nan,nan,0.08
7/25/2025 3:24:22,1.17.0,FR1,40,3.93,nan,1,LeftWithPellet,Left,382,118,159,0,nan,nan,0.28
7/25/2025 3:24:25,1.17.0,FR1,40,3.93,nan,1,LeftWithPellet,Left,383,118,159,0,nan,nan,0.70
7/25/2025 3:24:27,1.17.0,FR1,40,3.93,nan,1,LeftWithPellet,Left,384,118,159,0,nan,nan,0.40
7/25/2025 3:24:29,1.17.0,FR1,40,3.93,nan,1,LeftWithPellet,Left,385,118,159,0,nan,nan,0.38
7/25/2025 3:24:30,1.17.0,FR1,40,3.93,1,1,Pellet,Left,385,118,160,0,Timed_out,1170,nan
7/25/2025 3:25:00,1.17.0,FR1,40,3.93,nan,1,Left,Left,386,118,160,0,nan,nan,0.09
7/25/2025 3:25:02,1.17.0,FR1,40,3.93,1,1,Pellet,Left,386,118,161,0,0.85,32,nan
7/25/2025 3:25:21,1.17.0,FR1,40,3.93,nan,1,Left,Left,387,118,161,0,nan,nan,0.20
7/25/2025 3:25:21,1.17.0,FR1,40,3.93,nan,1,LeftDuringDispense,Left,388,118,161,0,nan,nan,0.04
7/25/2025 3:25:25,1.17.0,FR1,40,3.93,2,1,Pellet,Left,388,118,162,0,0.79,23,nan
7/25/2025 3:25:44,1.17.0,FR1,40,3.93,nan,1,Left,Left,389,118,162,0,nan,nan,0.52
7/25/2025 3:25:45,1.17.0,FR1,40,3.93,1,1,Pellet,Left,389,118,163,0,0.66,20,nan
7/25/2025 3:26:09,1.17.0,FR1,40,3.93,nan,1,Left,Left,390,118,163,0,nan,nan,0.53
7/25/2025 3:26:10,1.17.0,FR1,40,3.93,1,1,Pellet,Left,390,118,164,0,0.66,25,nan
7/25/2025 3:26:33,1.17.0,FR1,40,3.93,nan,1,Left,Left,391,118,164,0,nan,nan,0.29
7/25/2025 3:26:34,1.17.0,FR1,40,3.93,1,1,Pellet,Left,391,118,165,0,0.66,24,nan
7/25/2025 3:27:16,1.17.0,FR1,40,3.93,nan,1,Left,Left,392,118,165,0,nan,nan,0.89
7/25/2025 3:27:18,1.17.0,FR1,40,3.93,1,1,Pellet,Left,392,118,166,0,0.66,44,nan
7/25/2025 3:27:44,1.17.0,FR1,40,3.92,nan,1,Left,Left,393,118,166,0,nan,nan,0.41
7/25/2025 3:27:45,1.17.0,FR1,40,3.93,1,1,Pellet,Left,393,118,167,0,0.66,27,nan
7/25/2025 3:28:14,1.17.0,FR1,40,3.93,nan,1,Left,Left,394,118,167,0,nan,nan,0.42
7/25/2025 3:43:16,1.17.0,FR1,40,3.93,nan,1,LeftWithPellet,Left,395,118,167,0,nan,nan,0.15
7/25/2025 3:50:43,1.17.0,FR1,40,3.93,nan,1,RightWithPellet,Left,395,119,167,0,nan,nan,0.76
7/25/2025 5:54:55,1.17.0,FR1,40,3.92,nan,1,LeftWithPellet,Left,396,119,167,0,nan,nan,0.31
7/25/2025 5:55:03,1.17.0,FR1,40,3.92,nan,1,RightWithPellet,Left,396,120,167,0,nan,nan,0.17
7/25/2025 5:56:32,1.17.0,FR1,40,3.92,nan,1,LeftWithPellet,Left,397,120,167,0,nan,nan,0.30
7/25/2025 5:57:25,1.17.0,FR1,40,3.92,nan,1,RightWithPellet,Left,397,121,167,0,nan,nan,0.26
7/25/2025 5:57:27,1.17.0,FR1,40,3.92,nan,1,RightWithPellet,Left,397,122,167,0,nan,nan,0.58
7/25/2025 5:57:29,1.17.0,FR1,40,3.92,nan,1,RightWithPellet,Left,397,123,167,0,nan,nan,0.26
7/25/2025 5:57:30,1.17.0,FR1,40,3.92,1,1,Pellet,Left,397,123,168,0,Timed_out,8985,nan
7/25/2025 5:58:05,1.17.0,FR1,40,3.92,nan,1,Right,Left,397,124,168,0,nan,nan,0.07
7/25/2025 5:58:08,1.17.0,FR1,40,3.92,nan,1,Right,Left,397,125,168,0,nan,nan,0.30
7/25/2025 5:58:11,1.17.0,FR1,40,3.92,nan,1,Left,Left,398,125,168,0,nan,nan,0.17
7/25/2025 5:58:13,1.17.0,FR1,40,3.92,1,1,Pellet,Left,398,125,169,0,0.91,43,nan
7/25/2025 5:58:34,1.17.0,FR1,40,3.92,nan,1,Left,Left,399,125,169,0,nan,nan,0.12
7/25/2025 5:58:35,1.17.0,FR1,40,3.93,1,1,Pellet,Left,399,125,170,0,0.66,22,nan
7/25/2025 5:58:52,1.17.0,FR1,40,3.93,nan,1,Left,Left,400,125,170,0,nan,nan,0.02
7/25/2025 5:58:53,1.17.0,FR1,40,3.92,1,1,Pellet,Left,400,125,171,0,0.66,18,nan
7/25/2025 5:59:13,1.17.0,FR1,40,3.92,nan,1,Left,Left,401,125,171,0,nan,nan,0.06
7/25/2025 5:59:15,1.17.0,FR1,40,3.92,1,1,Pellet,Left,401,125,172,0,0.66,22,nan
7/25/2025 5:59:35,1.17.0,FR1,40,3.93,nan,1,Left,Left,402,125,172,0,nan,nan,0.29
7/25/2025 5:59:36,1.17.0,FR1,40,3.93,nan,1,LeftDuringDispense,Left,403,125,172,0,nan,nan,0.06
7/25/2025 5:59:43,1.17.0,FR1,40,3.92,nan,1,LeftWithPellet,Left,404,125,172,0,nan,nan,0.08
7/25/2025 8:23:59,1.17.0,FR1,40,3.91,2,1,Pellet,Left,404,125,173,0,Timed_out,8684,nan
7/25/2025 8:24:37,1.17.0,FR1,40,3.92,nan,1,Right,Left,404,126,173,0,nan,nan,0.35
7/25/2025 8:24:44,1.17.0,FR1,40,3.92,nan,1,Left,Left,405,126,173,0,nan,nan,0.07
7/25/2025 8:24:44,1.17.0,FR1,40,3.91,nan,1,LeftDuringDispense,Left,406,126,173,0,nan,nan,0.33
7/25/2025 8:24:48,1.17.0,FR1,40,3.91,2,1,Pellet,Left,406,126,174,0,0.66,49,nan
7/25/2025 8:25:06,1.17.0,FR1,40,3.92,nan,1,Left,Left,407,126,174,0,nan,nan,0.12
7/25/2025 8:25:09,1.17.0,FR1,40,3.92,2,1,Pellet,Left,407,126,175,0,0.66,21,nan
7/25/2025 8:25:27,1.17.0,FR1,40,3.93,nan,1,Left,Left,408,126,175,0,nan,nan,0.37
7/25/2025 8:25:29,1.17.0,FR1,40,3.92,1,1,Pellet,Left,408,126,176,0,0.85,19,nan
7/25/2025 8:25:48,1.17.0,FR1,40,3.92,nan,1,Left,Left,409,126,176,0,nan,nan,0.10
7/25/2025 8:25:49,1.17.0,FR1,40,3.91,1,1,Pellet,Left,409,126,177,0,1.23,21,nan
7/25/2025 8:26:12,1.17.0,FR1,40,3.91,nan,1,Left,Left,410,126,177,0,nan,nan,0.21
7/25/2025 8:26:12,1.17.0,FR1,40,3.92,nan,1,LeftDuringDispense,Left,411,126,177,0,nan,nan,0.02
7/25/2025 8:26:12,1.17.0,FR1,40,3.92,nan,1,LeftDuringDispense,Left,412,126,177,0,nan,nan,0.01
7/25/2025 8:26:16,1.17.0,FR1,40,3.92,2,1,Pellet,Left,412,126,178,0,0.66,27,nan
7/25/2025 8:26:32,1.17.0,FR1,40,3.92,nan,1,Left,Left,413,126,178,0,nan,nan,0.09
7/25/2025 8:26:34,1.17.0,FR1,40,3.92,1,1,Pellet,Left,413,126,179,0,0.91,18,nan
7/25/2025 8:26:49,1.17.0,FR1,40,3.91,nan,1,Left,Left,414,126,179,0,nan,nan,0.05
7/25/2025 8:26:51,1.17.0,FR1,40,3.92,1,1,Pellet,Left,414,126,180,0,1.23,17,nan
7/25/2025 8:27:14,1.17.0,FR1,40,3.91,nan,1,Left,Left,415,126,180,0,nan,nan,0.04
7/25/2025 8:27:18,1.17.0,FR1,40,3.91,1,1,Pellet,Left,415,126,181,0,3.89,27,nan
7/25/2025 8:27:44,1.17.0,FR1,40,3.92,nan,1,Left,Left,416,126,181,0,nan,nan,0.10
7/25/2025 8:27:45,1.17.0,FR1,40,3.92,2,1,Pellet,Left,416,126,182,0,0.66,27,nan
7/25/2025 8:42:07,1.17.0,FR1,40,3.91,nan,1,Right,Left,416,127,182,0,nan,nan,0.03
7/25/2025 8:46:57,1.17.0,FR1,40,3.92,nan,1,Right,Left,416,128,182,0,nan,nan,0.25
7/25/2025 8:55:13,1.17.0,FR1,40,3.91,nan,1,Left,Left,417,128,182,0,nan,nan,0.25
7/25/2025 8:55:13,1.17.0,FR1,40,3.92,nan,1,LeftDuringDispense,Left,418,128,182,0,nan,nan,0.01
7/25/2025 8:55:17,1.17.0,FR1,40,3.91,2,1,Pellet,Left,418,128,183,0,0.98,1652,nan
7/25/2025 8:55:37,1.17.0,FR1,40,3.91,nan,1,Right,Left,418,129,183,0,nan,nan,0.03
7/25/2025 8:55:39,1.17.0,FR1,40,3.92,nan,1,Right,Left,418,130,183,0,nan,nan,0.37
7/25/2025 8:55:47,1.17.0,FR1,40,3.92,nan,1,Left,Left,419,130,183,0,nan,nan,0.20
7/25/2025 8:55:49,1.17.0,FR1,40,3.92,1,1,Pellet,Left,419,130,184,0,0.72,32,nan
7/25/2025 8:56:09,1.17.0,FR1,40,3.91,nan,1,Left,Left,420,130,184,0,nan,nan,0.10
7/25/2025 8:56:09,1.17.0,FR1,40,3.92,nan,1,LeftDuringDispense,Left,421,130,184,0,nan,nan,0.06
7/25/2025 8:56:13,1.17.0,FR1,40,3.91,2,1,Pellet,Left,421,130,185,0,1.04,24,nan
7/25/2025 8:56:42,1.17.0,FR1,40,3.91,nan,1,Left,Left,422,130,185,0,nan,nan,0.15
7/25/2025 8:56:44,1.17.0,FR1,40,3.92,1,1,Pellet,Left,422,130,186,0,0.79,31,nan
7/25/2025 11:01:16,1.17.0,FR1,40,3.91,nan,1,Right,Left,422,131,186,0,nan,nan,0.20
7/25/2025 11:01:25,1.17.0,FR1,40,3.90,nan,1,Left,Left,423,131,186,0,nan,nan,0.03
7/25/2025 11:01:27,1.17.0,FR1,40,3.91,1,1,Pellet,Left,423,131,187,0,0.79,7483,nan
7/25/2025 11:02:00,1.17.0,FR1,40,3.91,nan,1,Left,Left,424,131,187,0,nan,nan,0.03
7/25/2025 11:02:01,1.17.0,FR1,40,3.91,1,1,Pellet,Left,424,131,188,0,0.79,34,nan
7/25/2025 11:02:23,1.17.0,FR1,40,3.91,nan,1,Left,Left,425,131,188,0,nan,nan,0.14
7/25/2025 11:02:24,1.17.0,FR1,40,3.91,1,1,Pellet,Left,425,131,189,0,0.79,23,nan
7/25/2025 11:02:46,1.17.0,FR1,40,3.91,nan,1,Left,Left,426,131,189,0,nan,nan,0.03
7/25/2025 11:02:46,1.17.0,FR1,40,3.91,nan,1,LeftDuringDispense,Left,427,131,189,0,nan,nan,0.05
7/25/2025 11:02:50,1.17.0,FR1,40,3.91,2,1,Pellet,Left,427,131,190,0,0.79,26,nan
7/25/2025 11:05:36,1.17.0,FR1,40,3.91,nan,1,Right,Left,427,132,190,0,nan,nan,0.02
7/25/2025 11:07:14,1.17.0,FR1,40,3.91,nan,1,Left,Left,428,132,190,0,nan,nan,0.08
7/25/2025 11:07:16,1.17.0,FR1,40,3.90,1,1,Pellet,Left,428,132,191,0,1.23,266,nan
7/25/2025 11:07:38,1.17.0,FR1,40,3.91,nan,1,Left,Left,429,132,191,0,nan,nan,0.39
7/25/2025 11:07:39,1.17.0,FR1,40,3.91,1,1,Pellet,Left,429,132,192,0,0.66,23,nan
7/25/2025 11:08:00,1.17.0,FR1,40,3.91,nan,1,Left,Left,430,132,192,0,nan,nan,0.41
7/25/2025 11:08:02,1.17.0,FR1,40,3.91,1,1,Pellet,Left,430,132,193,0,0.66,23,nan
7/25/2025 11:08:21,1.17.0,FR1,40,3.91,nan,1,Left,Left,431,132,193,0,nan,nan,0.04
7/25/2025 11:08:23,1.17.0,FR1,40,3.91,1,1,Pellet,Left,431,132,194,0,0.66,21,nan
7/25/2025 11:08:57,1.17.0,FR1,40,3.91,nan,1,Left,Left,432,132,194,0,nan,nan,0.09
7/25/2025 11:08:58,1.17.0,FR1,40,3.91,1,1,Pellet,Left,432,132,195,0,0.66,35,nan
7/25/2025 11:09:24,1.17.0,FR1,40,3.91,nan,1,Left,Left,433,132,195,0,nan,nan,0.11
7/25/2025 11:09:24,1.17.0,FR1,40,3.91,nan,1,LeftDuringDispense,Left,434,132,195,0,nan,nan,0.10
7/25/2025 11:09:25,1.17.0,FR1,40,3.91,nan,1,LeftDuringDispense,Left,435,132,195,0,nan,nan,0.04
7/25/2025 11:09:26,1.17.0,FR1,40,3.91,nan,1,LeftDuringDispense,Left,436,132,195,0,nan,nan,0.31
7/25/2025 11:09:29,1.17.0,FR1,40,3.91,2,1,Pellet,Left,436,132,196,0,0.66,31,nan
7/25/2025 11:09:49,1.17.0,FR1,40,3.91,nan,1,Left,Left,437,132,196,0,nan,nan,0.55
7/25/2025 11:09:51,1.17.0,FR1,40,3.91,2,1,Pellet,Left,437,132,197,0,0.66,22,nan
7/25/2025 12:55:12,1.17.0,FR1,40,3.91,nan,1,Left,Left,438,132,197,0,nan,nan,0.22
7/25/2025 12:55:14,1.17.0,FR1,40,3.91,1,1,Pellet,Left,438,132,198,0,1.74,6323,nan
7/25/2025 13:49:32,1.17.0,FR1,40,3.91,nan,1,Left,Left,439,132,198,0,nan,nan,0.13
7/25/2025 13:49:33,1.17.0,FR1,40,3.91,nan,1,LeftDuringDispense,Left,440,132,198,0,nan,nan,0.09
7/25/2025 13:49:35,1.17.0,FR1,40,3.91,nan,1,LeftDuringDispense,Left,441,132,198,0,nan,nan,0.03
7/25/2025 13:49:38,1.17.0,FR1,40,3.91,2,1,Pellet,Left,441,132,199,0,2.37,3264,nan
7/25/2025 13:50:02,1.17.0,FR1,40,3.91,nan,1,Left,Left,442,132,199,0,nan,nan,0.65
7/25/2025 13:50:03,1.17.0,FR1,40,3.91,2,1,Pellet,Left,442,132,200,0,0.66,25,nan
7/25/2025 13:50:25,1.17.0,FR1,40,3.91,nan,1,Left,Left,443,132,200,0,nan,nan,0.25
7/25/2025 13:50:26,1.17.0,FR1,40,3.91,1,1,Pellet,Left,443,132,201,0,0.66,23,nan
7/25/2025 13:50:41,1.17.0,FR1,40,3.91,nan,1,Left,Left,444,132,201,0,nan,nan,0.05
7/25/2025 13:50:43,1.17.0,FR1,40,3.91,1,1,Pellet,Left,444,132,202,0,1.54,17,nan
7/25/2025 13:51:01,1.17.0,FR1,40,3.91,nan,1,Left,Left,445,132,202,0,nan,nan,0.16
7/25/2025 13:51:02,1.17.0,FR1,40,3.91,1,1,Pellet,Left,445,132,203,0,0.66,19,nan
7/25/2025 13:51:21,1.17.0,FR1,40,3.91,nan,1,Left,Left,446,132,203,0,nan,nan,0.09
7/25/2025 13:51:21,1.17.0,FR1,40,3.91,nan,1,LeftDuringDispense,Left,447,132,203,0,nan,nan,0.10
7/25/2025 13:51:25,1.17.0,FR1,40,3.91,2,1,Pellet,Left,447,132,204,0,0.85,23,nan
7/25/2025 13:51:44,1.17.0,FR1,40,3.91,nan,1,Left,Left,448,132,204,0,nan,nan,0.17
7/25/2025 13:51:45,1.17.0,FR1,40,3.91,1,1,Pellet,Left,448,132,205,0,0.66,20,nan
7/25/2025 13:52:00,1.17.0,FR1,40,3.91,nan,1,Left,Left,449,132,205,0,nan,nan,0.09
7/25/2025 13:52:01,1.17.0,FR1,40,3.91,1,1,Pellet,Left,449,132,206,0,0.66,16,nan
7/25/2025 13:52:20,1.17.0,FR1,40,3.91,nan,1,Left,Left,450,132,206,0,nan,nan,0.09
7/25/2025 13:52:21,1.17.0,FR1,40,3.91,1,1,Pellet,Left,450,132,207,0,0.66,20,nan
7/25/2025 13:52:40,1.17.0,FR1,40,3.91,nan,1,Left,Left,451,132,207,0,nan,nan,0.08
7/25/2025 13:52:42,1.17.0,FR1,40,3.91,1,1,Pellet,Left,451,132,208,0,0.91,21,nan
7/25/2025 13:53:08,1.17.0,FR1,40,3.91,nan,1,Left,Left,452,132,208,0,nan,nan,0.27
7/25/2025 13:53:10,1.17.0,FR1,40,3.91,1,1,Pellet,Left,452,132,209,0,0.66,28,nan
7/25/2025 13:53:31,1.17.0,FR1,40,3.91,nan,1,Left,Left,453,132,209,0,nan,nan,0.42
7/25/2025 14:03:04,1.17.0,FR1,40,3.91,nan,1,RightWithPellet,Left,453,133,209,0,nan,nan,0.27
7/25/2025 14:03:37,1.17.0,FR1,40,3.91,nan,1,RightWithPellet,Left,453,134,209,0,nan,nan,0.10
7/25/2025 14:03:38,1.17.0,FR1,40,3.91,nan,1,RightWithPellet,Left,453,135,209,0,nan,nan,0.08
7/25/2025 14:07:28,1.17.0,FR1,40,3.91,nan,1,LeftWithPellet,Left,454,135,209,0,nan,nan,0.11
7/25/2025 14:08:41,1.17.0,FR1,40,3.91,nan,1,LeftWithPellet,Left,455,135,209,0,nan,nan,0.13
7/25/2025 14:10:34,1.17.0,FR1,40,3.91,nan,1,LeftWithPellet,Left,456,135,209,0,nan,nan,0.08
7/25/2025 14:10:37,1.17.0,FR1,40,3.91,1,1,Pellet,Left,456,135,210,0,Timed_out,1047,nan
7/25/2025 14:11:25,1.17.0,FR1,40,3.91,nan,1,Left,Left,457,135,210,0,nan,nan,0.24
7/25/2025 14:11:27,1.17.0,FR1,40,3.91,1,1,Pellet,Left,457,135,211,0,0.91,50,nan
7/25/2025 14:11:56,1.17.0,FR1,40,3.91,nan,1,Left,Left,458,135,211,0,nan,nan,0.05
7/25/2025 14:11:57,1.17.0,FR1,40,3.91,1,1,Pellet,Left,458,135,212,0,0.66,30,nan
7/25/2025 14:12:16,1.17.0,FR1,40,3.91,nan,1,Left,Left,459,135,212,0,nan,nan,0.24
7/25/2025 14:12:18,1.17.0,FR1,40,3.91,1,1,Pellet,Left,459,135,213,0,0.66,21,nan
7/25/2025 14:12:41,1.17.0,FR1,40,3.91,nan,1,Left,Left,460,135,213,0,nan,nan,0.11
7/25/2025 14:12:43,1.17.0,FR1,40,3.91,1,1,Pellet,Left,460,135,214,0,0.66,25,nan
7/25/2025 14:13:08,1.17.0,FR1,40,3.91,nan,1,Left,Left,461,135,214,0,nan,nan,0.24
7/25/2025 14:13:09,1.17.0,FR1,40,3.91,1,1,Pellet,Left,461,135,215,0,0.66,26,nan
